Timing Analyzer report for VendingMachine
Fri Oct 10 12:45:09 2025
Quartus Prime Version 23.1std.1 Build 993 05/14/2024 SC Lite Edition


---------------------
; Table of Contents ;
---------------------
  1. Legal Notice
  2. Timing Analyzer Summary
  3. Parallel Compilation
  4. Clocks
  5. Slow 1200mV 85C Model Fmax Summary
  6. Timing Closure Recommendations
  7. Slow 1200mV 85C Model Setup Summary
  8. Slow 1200mV 85C Model Hold Summary
  9. Slow 1200mV 85C Model Recovery Summary
 10. Slow 1200mV 85C Model Removal Summary
 11. Slow 1200mV 85C Model Minimum Pulse Width Summary
 12. Slow 1200mV 85C Model Setup: 'clk'
 13. Slow 1200mV 85C Model Hold: 'clk'
 14. Slow 1200mV 85C Model Metastability Summary
 15. Slow 1200mV 0C Model Fmax Summary
 16. Slow 1200mV 0C Model Setup Summary
 17. Slow 1200mV 0C Model Hold Summary
 18. Slow 1200mV 0C Model Recovery Summary
 19. Slow 1200mV 0C Model Removal Summary
 20. Slow 1200mV 0C Model Minimum Pulse Width Summary
 21. Slow 1200mV 0C Model Setup: 'clk'
 22. Slow 1200mV 0C Model Hold: 'clk'
 23. Slow 1200mV 0C Model Metastability Summary
 24. Fast 1200mV 0C Model Setup Summary
 25. Fast 1200mV 0C Model Hold Summary
 26. Fast 1200mV 0C Model Recovery Summary
 27. Fast 1200mV 0C Model Removal Summary
 28. Fast 1200mV 0C Model Minimum Pulse Width Summary
 29. Fast 1200mV 0C Model Setup: 'clk'
 30. Fast 1200mV 0C Model Hold: 'clk'
 31. Fast 1200mV 0C Model Metastability Summary
 32. Multicorner Timing Analysis Summary
 33. Board Trace Model Assignments
 34. Input Transition Times
 35. Signal Integrity Metrics (Slow 1200mv 0c Model)
 36. Signal Integrity Metrics (Slow 1200mv 85c Model)
 37. Signal Integrity Metrics (Fast 1200mv 0c Model)
 38. Setup Transfers
 39. Hold Transfers
 40. Report TCCS
 41. Report RSKM
 42. Unconstrained Paths Summary
 43. Clock Status Summary
 44. Unconstrained Input Ports
 45. Unconstrained Output Ports
 46. Unconstrained Input Ports
 47. Unconstrained Output Ports
 48. Timing Analyzer Messages



----------------
; Legal Notice ;
----------------
Copyright (C) 2024  Intel Corporation. All rights reserved.
Your use of Intel Corporation's design tools, logic functions 
and other software and tools, and any partner logic 
functions, and any output files from any of the foregoing 
(including device programming or simulation files), and any 
associated documentation or information are expressly subject 
to the terms and conditions of the Intel Program License 
Subscription Agreement, the Intel Quartus Prime License Agreement,
the Intel FPGA IP License Agreement, or other applicable license
agreement, including, without limitation, that your use is for
the sole purpose of programming logic devices manufactured by
Intel and sold by Intel or its authorized distributors.  Please
refer to the applicable agreement for further details, at
https://fpgasoftware.intel.com/eula.



+--------------------------------------------------------------------------------+
; Timing Analyzer Summary                                                        ;
+-----------------------+--------------------------------------------------------+
; Quartus Prime Version ; Version 23.1std.1 Build 993 05/14/2024 SC Lite Edition ;
; Timing Analyzer       ; Legacy Timing Analyzer                                 ;
; Revision Name         ; VendingMachine                                         ;
; Device Family         ; Cyclone IV E                                           ;
; Device Name           ; EP4CE115F29C7                                          ;
; Timing Models         ; Final                                                  ;
; Delay Model           ; Combined                                               ;
; Rise/Fall Delays      ; Enabled                                                ;
+-----------------------+--------------------------------------------------------+


+------------------------------------------+
; Parallel Compilation                     ;
+----------------------------+-------------+
; Processors                 ; Number      ;
+----------------------------+-------------+
; Number detected on machine ; 8           ;
; Maximum allowed            ; 4           ;
;                            ;             ;
; Average used               ; 1.01        ;
; Maximum used               ; 4           ;
;                            ;             ;
; Usage by Processor         ; % Time Used ;
;     Processor 1            ; 100.0%      ;
;     Processors 2-4         ;   0.5%      ;
+----------------------------+-------------+


+---------------------------------------------------------------------------------------------------------------------------------------------------------------------------------+
; Clocks                                                                                                                                                                          ;
+------------+------+--------+------------+-------+-------+------------+-----------+-------------+-------+--------+-----------+------------+----------+--------+--------+---------+
; Clock Name ; Type ; Period ; Frequency  ; Rise  ; Fall  ; Duty Cycle ; Divide by ; Multiply by ; Phase ; Offset ; Edge List ; Edge Shift ; Inverted ; Master ; Source ; Targets ;
+------------+------+--------+------------+-------+-------+------------+-----------+-------------+-------+--------+-----------+------------+----------+--------+--------+---------+
; clk        ; Base ; 1.000  ; 1000.0 MHz ; 0.000 ; 0.500 ;            ;           ;             ;       ;        ;           ;            ;          ;        ;        ; { clk } ;
+------------+------+--------+------------+-------+-------+------------+-----------+-------------+-------+--------+-----------+------------+----------+--------+--------+---------+


+--------------------------------------------------+
; Slow 1200mV 85C Model Fmax Summary               ;
+------------+-----------------+------------+------+
; Fmax       ; Restricted Fmax ; Clock Name ; Note ;
+------------+-----------------+------------+------+
; 233.05 MHz ; 233.05 MHz      ; clk        ;      ;
+------------+-----------------+------------+------+
This panel reports FMAX for every clock in the design, regardless of the user-specified clock periods.  FMAX is only computed for paths where the source and destination registers or ports are driven by the same clock.  Paths of different clocks, including generated clocks, are ignored.  For paths between a clock and its inversion, FMAX is computed as if the rising and falling edges are scaled along with FMAX, such that the duty cycle (in terms of a percentage) is maintained. Altera recommends that you always use clock constraints and other slack reports for sign-off analysis.


----------------------------------
; Timing Closure Recommendations ;
----------------------------------
HTML report is unavailable in plain text report export.


+-------------------------------------+
; Slow 1200mV 85C Model Setup Summary ;
+-------+--------+--------------------+
; Clock ; Slack  ; End Point TNS      ;
+-------+--------+--------------------+
; clk   ; -3.291 ; -37.869            ;
+-------+--------+--------------------+


+------------------------------------+
; Slow 1200mV 85C Model Hold Summary ;
+-------+-------+--------------------+
; Clock ; Slack ; End Point TNS      ;
+-------+-------+--------------------+
; clk   ; 0.386 ; 0.000              ;
+-------+-------+--------------------+


------------------------------------------
; Slow 1200mV 85C Model Recovery Summary ;
------------------------------------------
No paths to report.


-----------------------------------------
; Slow 1200mV 85C Model Removal Summary ;
-----------------------------------------
No paths to report.


+---------------------------------------------------+
; Slow 1200mV 85C Model Minimum Pulse Width Summary ;
+-------+--------+----------------------------------+
; Clock ; Slack  ; End Point TNS                    ;
+-------+--------+----------------------------------+
; clk   ; -3.000 ; -27.415                          ;
+-------+--------+----------------------------------+


+--------------------------------------------------------------------------------------------------------------------------------------------+
; Slow 1200mV 85C Model Setup: 'clk'                                                                                                         ;
+--------+------------------------------+------------------------------+--------------+-------------+--------------+------------+------------+
; Slack  ; From Node                    ; To Node                      ; Launch Clock ; Latch Clock ; Relationship ; Clock Skew ; Data Delay ;
+--------+------------------------------+------------------------------+--------------+-------------+--------------+------------+------------+
; -3.291 ; money_sum[3]                 ; money_sum[4]                 ; clk          ; clk         ; 1.000        ; -0.080     ; 4.209      ;
; -2.877 ; money_sum[1]                 ; money_sum[2]                 ; clk          ; clk         ; 1.000        ; -0.070     ; 3.805      ;
; -2.873 ; money_sum[2]                 ; money_sum[3]                 ; clk          ; clk         ; 1.000        ; -0.084     ; 3.787      ;
; -2.860 ; money_sum[7]                 ; current_state.DISPENSER      ; clk          ; clk         ; 1.000        ; -0.516     ; 3.342      ;
; -2.860 ; money_sum[7]                 ; current_state.RETURN_CHANGE  ; clk          ; clk         ; 1.000        ; -0.516     ; 3.342      ;
; -2.842 ; money_sum[2]                 ; money_sum[4]                 ; clk          ; clk         ; 1.000        ; -0.084     ; 3.756      ;
; -2.768 ; money_sum[6]                 ; money_sum[7]                 ; clk          ; clk         ; 1.000        ; -0.104     ; 3.662      ;
; -2.764 ; money_sum[1]                 ; money_sum[3]                 ; clk          ; clk         ; 1.000        ; -0.074     ; 3.688      ;
; -2.761 ; money_sum[1]                 ; money_sum[4]                 ; clk          ; clk         ; 1.000        ; -0.074     ; 3.685      ;
; -2.743 ; money_sum[3]                 ; money_sum[3]                 ; clk          ; clk         ; 1.000        ; -0.080     ; 3.661      ;
; -2.725 ; money_sum[2]                 ; money_sum[2]                 ; clk          ; clk         ; 1.000        ; -0.080     ; 3.643      ;
; -2.718 ; money_sum[4]                 ; money_sum[4]                 ; clk          ; clk         ; 1.000        ; -0.080     ; 3.636      ;
; -2.708 ; money_sum[4]                 ; money_sum[5]                 ; clk          ; clk         ; 1.000        ; 0.341      ; 4.047      ;
; -2.706 ; money_sum[5]                 ; money_sum[7]                 ; clk          ; clk         ; 1.000        ; -0.104     ; 3.600      ;
; -2.696 ; money_sum[6]                 ; current_state.DISPENSER      ; clk          ; clk         ; 1.000        ; -0.523     ; 3.171      ;
; -2.696 ; money_sum[5]                 ; current_state.DISPENSER      ; clk          ; clk         ; 1.000        ; -0.523     ; 3.171      ;
; -2.696 ; money_sum[6]                 ; current_state.RETURN_CHANGE  ; clk          ; clk         ; 1.000        ; -0.523     ; 3.171      ;
; -2.696 ; money_sum[5]                 ; current_state.RETURN_CHANGE  ; clk          ; clk         ; 1.000        ; -0.523     ; 3.171      ;
; -2.649 ; money_sum[3]                 ; money_sum[5]                 ; clk          ; clk         ; 1.000        ; 0.341      ; 3.988      ;
; -2.642 ; money_sum[0]                 ; money_sum[3]                 ; clk          ; clk         ; 1.000        ; -0.084     ; 3.556      ;
; -2.638 ; money_sum[5]                 ; money_sum[6]                 ; clk          ; clk         ; 1.000        ; -0.097     ; 3.539      ;
; -2.569 ; current_state.WAIT_MONEY     ; current_state.RETURN_CHANGE  ; clk          ; clk         ; 1.000        ; -0.083     ; 3.484      ;
; -2.567 ; money_sum[0]                 ; money_sum[2]                 ; clk          ; clk         ; 1.000        ; -0.080     ; 3.485      ;
; -2.561 ; drink_cost[1]                ; current_state.DISPENSER      ; clk          ; clk         ; 1.000        ; -0.083     ; 3.476      ;
; -2.558 ; drink_cost[1]                ; current_state.RETURN_CHANGE  ; clk          ; clk         ; 1.000        ; -0.083     ; 3.473      ;
; -2.545 ; money_sum[5]                 ; money_sum[5]                 ; clk          ; clk         ; 1.000        ; -0.097     ; 3.446      ;
; -2.535 ; current_state.WAIT_MONEY     ; current_state.DISPENSER      ; clk          ; clk         ; 1.000        ; -0.083     ; 3.450      ;
; -2.511 ; money_sum[3]                 ; money_sum[6]                 ; clk          ; clk         ; 1.000        ; 0.341      ; 3.850      ;
; -2.499 ; money_sum[1]                 ; money_sum[7]                 ; clk          ; clk         ; 1.000        ; 0.340      ; 3.837      ;
; -2.491 ; money_sum[4]                 ; money_sum[7]                 ; clk          ; clk         ; 1.000        ; 0.334      ; 3.823      ;
; -2.475 ; money_sum[0]                 ; money_sum[1]                 ; clk          ; clk         ; 1.000        ; -0.089     ; 3.384      ;
; -2.468 ; money_sum[1]                 ; money_sum[6]                 ; clk          ; clk         ; 1.000        ; 0.347      ; 3.813      ;
; -2.467 ; drink_cost[0]                ; current_state.RETURN_CHANGE  ; clk          ; clk         ; 1.000        ; -0.077     ; 3.388      ;
; -2.443 ; current_state.WAIT_SELECTION ; current_state.RETURN_CHANGE  ; clk          ; clk         ; 1.000        ; -0.083     ; 3.358      ;
; -2.439 ; money_sum[2]                 ; money_sum[7]                 ; clk          ; clk         ; 1.000        ; 0.330      ; 3.767      ;
; -2.433 ; drink_cost[0]                ; current_state.DISPENSER      ; clk          ; clk         ; 1.000        ; -0.077     ; 3.354      ;
; -2.432 ; money_sum[3]                 ; money_sum[7]                 ; clk          ; clk         ; 1.000        ; 0.334      ; 3.764      ;
; -2.409 ; current_state.WAIT_SELECTION ; current_state.DISPENSER      ; clk          ; clk         ; 1.000        ; -0.083     ; 3.324      ;
; -2.387 ; money_sum[2]                 ; money_sum[5]                 ; clk          ; clk         ; 1.000        ; 0.337      ; 3.722      ;
; -2.371 ; money_sum[2]                 ; money_sum[6]                 ; clk          ; clk         ; 1.000        ; 0.337      ; 3.706      ;
; -2.364 ; money_sum[0]                 ; money_sum[7]                 ; clk          ; clk         ; 1.000        ; 0.330      ; 3.692      ;
; -2.362 ; money_sum[4]                 ; current_state.DISPENSER      ; clk          ; clk         ; 1.000        ; -0.085     ; 3.275      ;
; -2.362 ; money_sum[4]                 ; current_state.RETURN_CHANGE  ; clk          ; clk         ; 1.000        ; -0.085     ; 3.275      ;
; -2.338 ; money_sum[4]                 ; money_sum[6]                 ; clk          ; clk         ; 1.000        ; 0.341      ; 3.677      ;
; -2.290 ; drink_cost[2]                ; current_state.DISPENSER      ; clk          ; clk         ; 1.000        ; -0.083     ; 3.205      ;
; -2.287 ; drink_cost[2]                ; current_state.RETURN_CHANGE  ; clk          ; clk         ; 1.000        ; -0.083     ; 3.202      ;
; -2.272 ; money_sum[1]                 ; money_sum[5]                 ; clk          ; clk         ; 1.000        ; 0.347      ; 3.617      ;
; -2.237 ; money_sum[0]                 ; money_sum[4]                 ; clk          ; clk         ; 1.000        ; -0.084     ; 3.151      ;
; -2.184 ; current_state.WAIT_SELECTION ; current_state.WAIT_SELECTION ; clk          ; clk         ; 1.000        ; -0.080     ; 3.102      ;
; -2.166 ; money_sum[1]                 ; money_sum[1]                 ; clk          ; clk         ; 1.000        ; -0.079     ; 3.085      ;
; -2.081 ; money_sum[6]                 ; money_sum[6]                 ; clk          ; clk         ; 1.000        ; -0.097     ; 2.982      ;
; -2.031 ; money_sum[2]                 ; current_state.RETURN_CHANGE  ; clk          ; clk         ; 1.000        ; -0.089     ; 2.940      ;
; -1.997 ; money_sum[2]                 ; current_state.DISPENSER      ; clk          ; clk         ; 1.000        ; -0.089     ; 2.906      ;
; -1.976 ; money_sum[0]                 ; money_sum[6]                 ; clk          ; clk         ; 1.000        ; 0.337      ; 3.311      ;
; -1.962 ; current_state.WAIT_MONEY     ; current_state.WAIT_SELECTION ; clk          ; clk         ; 1.000        ; -0.080     ; 2.880      ;
; -1.936 ; money_sum[0]                 ; money_sum[5]                 ; clk          ; clk         ; 1.000        ; 0.337      ; 3.271      ;
; -1.934 ; money_sum[0]                 ; current_state.RETURN_CHANGE  ; clk          ; clk         ; 1.000        ; -0.089     ; 2.843      ;
; -1.902 ; money_sum[0]                 ; current_state.DISPENSER      ; clk          ; clk         ; 1.000        ; -0.089     ; 2.811      ;
; -1.866 ; money_sum[7]                 ; money_sum[7]                 ; clk          ; clk         ; 1.000        ; -0.097     ; 2.767      ;
; -1.852 ; money_sum[1]                 ; current_state.DISPENSER      ; clk          ; clk         ; 1.000        ; -0.079     ; 2.771      ;
; -1.845 ; money_sum[1]                 ; current_state.RETURN_CHANGE  ; clk          ; clk         ; 1.000        ; -0.079     ; 2.764      ;
; -1.749 ; current_state.RETURN_CHANGE  ; current_state.RETURN_CHANGE  ; clk          ; clk         ; 1.000        ; -0.079     ; 2.668      ;
; -1.730 ; current_state.DISPENSER      ; current_state.RETURN_CHANGE  ; clk          ; clk         ; 1.000        ; -0.079     ; 2.649      ;
; -1.526 ; money_sum[3]                 ; current_state.DISPENSER      ; clk          ; clk         ; 1.000        ; -0.085     ; 2.439      ;
; -1.522 ; money_sum[3]                 ; current_state.RETURN_CHANGE  ; clk          ; clk         ; 1.000        ; -0.085     ; 2.435      ;
; -1.502 ; current_state.IDLE           ; current_state.WAIT_SELECTION ; clk          ; clk         ; 1.000        ; -0.511     ; 1.989      ;
; -1.497 ; current_state.WAIT_SELECTION ; current_state.WAIT_MONEY     ; clk          ; clk         ; 1.000        ; -0.080     ; 2.415      ;
; -1.430 ; drink_cost[1]                ; drink_cost[1]                ; clk          ; clk         ; 1.000        ; -0.080     ; 2.348      ;
; -1.382 ; current_state.WAIT_MONEY     ; money_sum[4]                 ; clk          ; clk         ; 1.000        ; -0.078     ; 2.302      ;
; -1.358 ; current_state.WAIT_SELECTION ; money_sum[0]                 ; clk          ; clk         ; 1.000        ; -0.074     ; 2.282      ;
; -1.347 ; current_state.RETURN_CHANGE  ; current_state.WAIT_MONEY     ; clk          ; clk         ; 1.000        ; -0.076     ; 2.269      ;
; -1.308 ; current_state.RETURN_CHANGE  ; current_state.WAIT_SELECTION ; clk          ; clk         ; 1.000        ; -0.076     ; 2.230      ;
; -1.293 ; current_state.WAIT_MONEY     ; drink_cost[1]                ; clk          ; clk         ; 1.000        ; -0.080     ; 2.211      ;
; -1.274 ; current_state.WAIT_MONEY     ; current_state.WAIT_MONEY     ; clk          ; clk         ; 1.000        ; -0.080     ; 2.192      ;
; -1.255 ; drink_cost[3]                ; current_state.DISPENSER      ; clk          ; clk         ; 1.000        ; -0.079     ; 2.174      ;
; -1.246 ; drink_cost[3]                ; current_state.RETURN_CHANGE  ; clk          ; clk         ; 1.000        ; -0.079     ; 2.165      ;
; -1.243 ; current_state.WAIT_MONEY     ; drink_cost[0]                ; clk          ; clk         ; 1.000        ; -0.086     ; 2.155      ;
; -1.223 ; current_state.DISPENSER      ; current_state.DISPENSER      ; clk          ; clk         ; 1.000        ; -0.079     ; 2.142      ;
; -1.218 ; current_state.RETURN_CHANGE  ; current_state.DISPENSER      ; clk          ; clk         ; 1.000        ; -0.079     ; 2.137      ;
; -1.180 ; money_sum[0]                 ; money_sum[0]                 ; clk          ; clk         ; 1.000        ; -0.080     ; 2.098      ;
; -1.178 ; current_state.DISPENSER      ; current_state.WAIT_MONEY     ; clk          ; clk         ; 1.000        ; -0.076     ; 2.100      ;
; -1.154 ; current_state.DISPENSER      ; current_state.WAIT_SELECTION ; clk          ; clk         ; 1.000        ; -0.076     ; 2.076      ;
; -1.141 ; drink_cost[0]                ; drink_cost[0]                ; clk          ; clk         ; 1.000        ; -0.080     ; 2.059      ;
; -1.130 ; current_state.WAIT_SELECTION ; drink_cost[1]                ; clk          ; clk         ; 1.000        ; -0.080     ; 2.048      ;
; -1.117 ; current_state.WAIT_SELECTION ; drink_cost[0]                ; clk          ; clk         ; 1.000        ; -0.086     ; 2.029      ;
; -1.094 ; current_state.WAIT_SELECTION ; selected_drink[2]            ; clk          ; clk         ; 1.000        ; -0.086     ; 2.006      ;
; -1.087 ; current_state.WAIT_SELECTION ; current_state.IDLE           ; clk          ; clk         ; 1.000        ; 0.334      ; 2.419      ;
; -1.040 ; current_state.WAIT_MONEY     ; selected_drink[1]            ; clk          ; clk         ; 1.000        ; -0.086     ; 1.952      ;
; -1.022 ; current_state.WAIT_MONEY     ; money_sum[0]                 ; clk          ; clk         ; 1.000        ; -0.074     ; 1.946      ;
; -1.003 ; current_state.WAIT_SELECTION ; drink_cost[2]                ; clk          ; clk         ; 1.000        ; -0.080     ; 1.921      ;
; -0.969 ; current_state.IDLE           ; current_state.WAIT_MONEY     ; clk          ; clk         ; 1.000        ; -0.511     ; 1.456      ;
; -0.964 ; current_state.WAIT_MONEY     ; money_sum[1]                 ; clk          ; clk         ; 1.000        ; -0.083     ; 1.879      ;
; -0.959 ; drink_cost[2]                ; drink_cost[2]                ; clk          ; clk         ; 1.000        ; -0.080     ; 1.877      ;
; -0.945 ; current_state.WAIT_MONEY     ; money_sum[2]                 ; clk          ; clk         ; 1.000        ; -0.074     ; 1.869      ;
; -0.928 ; current_state.RETURN_CHANGE  ; current_state.IDLE           ; clk          ; clk         ; 1.000        ; 0.338      ; 2.264      ;
; -0.907 ; current_state.WAIT_SELECTION ; selected_drink[1]            ; clk          ; clk         ; 1.000        ; -0.086     ; 1.819      ;
; -0.864 ; current_state.WAIT_MONEY     ; current_state.IDLE           ; clk          ; clk         ; 1.000        ; 0.334      ; 2.196      ;
; -0.822 ; current_state.WAIT_MONEY     ; drink_cost[2]                ; clk          ; clk         ; 1.000        ; -0.080     ; 1.740      ;
; -0.779 ; current_state.WAIT_MONEY     ; money_sum[3]                 ; clk          ; clk         ; 1.000        ; -0.078     ; 1.699      ;
; -0.759 ; current_state.DISPENSER      ; current_state.IDLE           ; clk          ; clk         ; 1.000        ; 0.338      ; 2.095      ;
+--------+------------------------------+------------------------------+--------------+-------------+--------------+------------+------------+


+-------------------------------------------------------------------------------------------------------------------------------------------+
; Slow 1200mV 85C Model Hold: 'clk'                                                                                                         ;
+-------+------------------------------+------------------------------+--------------+-------------+--------------+------------+------------+
; Slack ; From Node                    ; To Node                      ; Launch Clock ; Latch Clock ; Relationship ; Clock Skew ; Data Delay ;
+-------+------------------------------+------------------------------+--------------+-------------+--------------+------------+------------+
; 0.386 ; money_sum[5]                 ; money_sum[5]                 ; clk          ; clk         ; 0.000        ; 0.097      ; 0.669      ;
; 0.386 ; money_sum[6]                 ; money_sum[6]                 ; clk          ; clk         ; 0.000        ; 0.097      ; 0.669      ;
; 0.386 ; money_sum[7]                 ; money_sum[7]                 ; clk          ; clk         ; 0.000        ; 0.097      ; 0.669      ;
; 0.386 ; current_state.IDLE           ; current_state.IDLE           ; clk          ; clk         ; 0.000        ; 0.097      ; 0.669      ;
; 0.403 ; selected_drink[2]            ; selected_drink[2]            ; clk          ; clk         ; 0.000        ; 0.080      ; 0.669      ;
; 0.403 ; money_sum[2]                 ; money_sum[2]                 ; clk          ; clk         ; 0.000        ; 0.080      ; 0.669      ;
; 0.403 ; money_sum[3]                 ; money_sum[3]                 ; clk          ; clk         ; 0.000        ; 0.080      ; 0.669      ;
; 0.403 ; money_sum[4]                 ; money_sum[4]                 ; clk          ; clk         ; 0.000        ; 0.080      ; 0.669      ;
; 0.403 ; current_state.WAIT_MONEY     ; current_state.WAIT_MONEY     ; clk          ; clk         ; 0.000        ; 0.080      ; 0.669      ;
; 0.403 ; current_state.WAIT_SELECTION ; current_state.WAIT_SELECTION ; clk          ; clk         ; 0.000        ; 0.080      ; 0.669      ;
; 0.404 ; money_sum[1]                 ; money_sum[1]                 ; clk          ; clk         ; 0.000        ; 0.079      ; 0.669      ;
; 0.404 ; drink_cost[3]                ; drink_cost[3]                ; clk          ; clk         ; 0.000        ; 0.079      ; 0.669      ;
; 0.510 ; current_state.WAIT_SELECTION ; money_sum[7]                 ; clk          ; clk         ; 0.000        ; 0.513      ; 1.209      ;
; 0.699 ; current_state.WAIT_SELECTION ; money_sum[5]                 ; clk          ; clk         ; 0.000        ; 0.520      ; 1.405      ;
; 0.699 ; current_state.WAIT_SELECTION ; money_sum[6]                 ; clk          ; clk         ; 0.000        ; 0.520      ; 1.405      ;
; 0.812 ; current_state.WAIT_MONEY     ; money_sum[7]                 ; clk          ; clk         ; 0.000        ; 0.513      ; 1.511      ;
; 0.874 ; current_state.WAIT_MONEY     ; drink_cost[3]                ; clk          ; clk         ; 0.000        ; 0.076      ; 1.136      ;
; 0.891 ; current_state.WAIT_MONEY     ; money_sum[0]                 ; clk          ; clk         ; 0.000        ; 0.086      ; 1.163      ;
; 0.943 ; current_state.WAIT_SELECTION ; money_sum[3]                 ; clk          ; clk         ; 0.000        ; 0.082      ; 1.211      ;
; 0.943 ; current_state.WAIT_SELECTION ; money_sum[4]                 ; clk          ; clk         ; 0.000        ; 0.082      ; 1.211      ;
; 0.988 ; current_state.WAIT_MONEY     ; money_sum[6]                 ; clk          ; clk         ; 0.000        ; 0.520      ; 1.694      ;
; 0.989 ; current_state.WAIT_MONEY     ; money_sum[5]                 ; clk          ; clk         ; 0.000        ; 0.520      ; 1.695      ;
; 0.993 ; selected_drink[1]            ; selected_drink[1]            ; clk          ; clk         ; 0.000        ; 0.080      ; 1.259      ;
; 1.100 ; current_state.WAIT_MONEY     ; selected_drink[2]            ; clk          ; clk         ; 0.000        ; 0.074      ; 1.360      ;
; 1.131 ; current_state.WAIT_SELECTION ; money_sum[2]                 ; clk          ; clk         ; 0.000        ; 0.086      ; 1.403      ;
; 1.135 ; current_state.WAIT_SELECTION ; drink_cost[3]                ; clk          ; clk         ; 0.000        ; 0.076      ; 1.397      ;
; 1.161 ; current_state.WAIT_SELECTION ; money_sum[1]                 ; clk          ; clk         ; 0.000        ; 0.076      ; 1.423      ;
; 1.171 ; current_state.WAIT_SELECTION ; drink_cost[1]                ; clk          ; clk         ; 0.000        ; 0.080      ; 1.437      ;
; 1.199 ; current_state.DISPENSER      ; current_state.IDLE           ; clk          ; clk         ; 0.000        ; 0.514      ; 1.899      ;
; 1.212 ; drink_cost[0]                ; drink_cost[0]                ; clk          ; clk         ; 0.000        ; 0.080      ; 1.478      ;
; 1.219 ; money_sum[0]                 ; money_sum[0]                 ; clk          ; clk         ; 0.000        ; 0.080      ; 1.485      ;
; 1.231 ; current_state.WAIT_SELECTION ; selected_drink[1]            ; clk          ; clk         ; 0.000        ; 0.074      ; 1.491      ;
; 1.306 ; current_state.WAIT_MONEY     ; money_sum[3]                 ; clk          ; clk         ; 0.000        ; 0.082      ; 1.574      ;
; 1.330 ; current_state.WAIT_MONEY     ; drink_cost[2]                ; clk          ; clk         ; 0.000        ; 0.080      ; 1.596      ;
; 1.342 ; current_state.WAIT_MONEY     ; current_state.IDLE           ; clk          ; clk         ; 0.000        ; 0.511      ; 2.039      ;
; 1.363 ; current_state.RETURN_CHANGE  ; current_state.IDLE           ; clk          ; clk         ; 0.000        ; 0.514      ; 2.063      ;
; 1.372 ; drink_cost[1]                ; drink_cost[1]                ; clk          ; clk         ; 0.000        ; 0.080      ; 1.638      ;
; 1.375 ; drink_cost[3]                ; current_state.DISPENSER      ; clk          ; clk         ; 0.000        ; 0.079      ; 1.640      ;
; 1.385 ; drink_cost[3]                ; current_state.RETURN_CHANGE  ; clk          ; clk         ; 0.000        ; 0.079      ; 1.650      ;
; 1.389 ; current_state.WAIT_MONEY     ; money_sum[2]                 ; clk          ; clk         ; 0.000        ; 0.086      ; 1.661      ;
; 1.395 ; drink_cost[2]                ; drink_cost[2]                ; clk          ; clk         ; 0.000        ; 0.080      ; 1.661      ;
; 1.427 ; current_state.WAIT_MONEY     ; money_sum[1]                 ; clk          ; clk         ; 0.000        ; 0.076      ; 1.689      ;
; 1.459 ; current_state.IDLE           ; current_state.WAIT_MONEY     ; clk          ; clk         ; 0.000        ; -0.334     ; 1.311      ;
; 1.472 ; current_state.WAIT_MONEY     ; selected_drink[1]            ; clk          ; clk         ; 0.000        ; 0.074      ; 1.732      ;
; 1.521 ; current_state.WAIT_SELECTION ; current_state.IDLE           ; clk          ; clk         ; 0.000        ; 0.511      ; 2.218      ;
; 1.523 ; current_state.WAIT_SELECTION ; selected_drink[2]            ; clk          ; clk         ; 0.000        ; 0.074      ; 1.783      ;
; 1.545 ; current_state.WAIT_SELECTION ; drink_cost[2]                ; clk          ; clk         ; 0.000        ; 0.080      ; 1.811      ;
; 1.615 ; current_state.WAIT_MONEY     ; current_state.RETURN_CHANGE  ; clk          ; clk         ; 0.000        ; 0.076      ; 1.877      ;
; 1.625 ; current_state.WAIT_MONEY     ; current_state.WAIT_SELECTION ; clk          ; clk         ; 0.000        ; 0.080      ; 1.891      ;
; 1.629 ; current_state.WAIT_SELECTION ; drink_cost[0]                ; clk          ; clk         ; 0.000        ; 0.074      ; 1.889      ;
; 1.631 ; current_state.DISPENSER      ; current_state.WAIT_SELECTION ; clk          ; clk         ; 0.000        ; 0.083      ; 1.900      ;
; 1.645 ; current_state.WAIT_SELECTION ; money_sum[0]                 ; clk          ; clk         ; 0.000        ; 0.086      ; 1.917      ;
; 1.664 ; current_state.DISPENSER      ; current_state.WAIT_MONEY     ; clk          ; clk         ; 0.000        ; 0.083      ; 1.933      ;
; 1.666 ; current_state.WAIT_MONEY     ; drink_cost[0]                ; clk          ; clk         ; 0.000        ; 0.074      ; 1.926      ;
; 1.693 ; money_sum[3]                 ; current_state.DISPENSER      ; clk          ; clk         ; 0.000        ; 0.074      ; 1.953      ;
; 1.703 ; money_sum[3]                 ; current_state.RETURN_CHANGE  ; clk          ; clk         ; 0.000        ; 0.074      ; 1.963      ;
; 1.721 ; current_state.DISPENSER      ; current_state.DISPENSER      ; clk          ; clk         ; 0.000        ; 0.079      ; 1.986      ;
; 1.748 ; current_state.RETURN_CHANGE  ; current_state.DISPENSER      ; clk          ; clk         ; 0.000        ; 0.079      ; 2.013      ;
; 1.759 ; current_state.WAIT_MONEY     ; drink_cost[1]                ; clk          ; clk         ; 0.000        ; 0.080      ; 2.025      ;
; 1.790 ; current_state.DISPENSER      ; current_state.RETURN_CHANGE  ; clk          ; clk         ; 0.000        ; 0.079      ; 2.055      ;
; 1.795 ; current_state.RETURN_CHANGE  ; current_state.WAIT_SELECTION ; clk          ; clk         ; 0.000        ; 0.083      ; 2.064      ;
; 1.813 ; current_state.RETURN_CHANGE  ; current_state.WAIT_MONEY     ; clk          ; clk         ; 0.000        ; 0.083      ; 2.082      ;
; 1.817 ; current_state.RETURN_CHANGE  ; current_state.RETURN_CHANGE  ; clk          ; clk         ; 0.000        ; 0.079      ; 2.082      ;
; 1.838 ; current_state.WAIT_MONEY     ; current_state.DISPENSER      ; clk          ; clk         ; 0.000        ; 0.076      ; 2.100      ;
; 1.851 ; money_sum[4]                 ; money_sum[5]                 ; clk          ; clk         ; 0.000        ; 0.518      ; 2.555      ;
; 1.868 ; current_state.WAIT_MONEY     ; money_sum[4]                 ; clk          ; clk         ; 0.000        ; 0.082      ; 2.136      ;
; 1.883 ; current_state.IDLE           ; current_state.WAIT_SELECTION ; clk          ; clk         ; 0.000        ; -0.334     ; 1.735      ;
; 1.895 ; money_sum[4]                 ; money_sum[6]                 ; clk          ; clk         ; 0.000        ; 0.518      ; 2.599      ;
; 1.903 ; current_state.WAIT_SELECTION ; current_state.DISPENSER      ; clk          ; clk         ; 0.000        ; 0.076      ; 2.165      ;
; 1.934 ; money_sum[4]                 ; money_sum[7]                 ; clk          ; clk         ; 0.000        ; 0.511      ; 2.631      ;
; 1.938 ; money_sum[3]                 ; money_sum[5]                 ; clk          ; clk         ; 0.000        ; 0.518      ; 2.642      ;
; 1.948 ; current_state.WAIT_SELECTION ; current_state.WAIT_MONEY     ; clk          ; clk         ; 0.000        ; 0.080      ; 2.214      ;
; 1.976 ; money_sum[3]                 ; money_sum[7]                 ; clk          ; clk         ; 0.000        ; 0.511      ; 2.673      ;
; 2.021 ; current_state.WAIT_SELECTION ; current_state.RETURN_CHANGE  ; clk          ; clk         ; 0.000        ; 0.076      ; 2.283      ;
; 2.026 ; money_sum[3]                 ; money_sum[6]                 ; clk          ; clk         ; 0.000        ; 0.518      ; 2.730      ;
; 2.044 ; money_sum[2]                 ; current_state.RETURN_CHANGE  ; clk          ; clk         ; 0.000        ; 0.070      ; 2.300      ;
; 2.050 ; money_sum[1]                 ; current_state.DISPENSER      ; clk          ; clk         ; 0.000        ; 0.079      ; 2.315      ;
; 2.063 ; money_sum[2]                 ; current_state.DISPENSER      ; clk          ; clk         ; 0.000        ; 0.070      ; 2.319      ;
; 2.073 ; money_sum[1]                 ; current_state.RETURN_CHANGE  ; clk          ; clk         ; 0.000        ; 0.079      ; 2.338      ;
; 2.080 ; money_sum[0]                 ; money_sum[5]                 ; clk          ; clk         ; 0.000        ; 0.514      ; 2.780      ;
; 2.107 ; money_sum[0]                 ; current_state.RETURN_CHANGE  ; clk          ; clk         ; 0.000        ; 0.070      ; 2.363      ;
; 2.116 ; money_sum[0]                 ; current_state.DISPENSER      ; clk          ; clk         ; 0.000        ; 0.070      ; 2.372      ;
; 2.124 ; money_sum[0]                 ; money_sum[6]                 ; clk          ; clk         ; 0.000        ; 0.514      ; 2.824      ;
; 2.143 ; money_sum[2]                 ; money_sum[5]                 ; clk          ; clk         ; 0.000        ; 0.514      ; 2.843      ;
; 2.191 ; money_sum[2]                 ; money_sum[6]                 ; clk          ; clk         ; 0.000        ; 0.514      ; 2.891      ;
; 2.195 ; money_sum[2]                 ; money_sum[7]                 ; clk          ; clk         ; 0.000        ; 0.507      ; 2.888      ;
; 2.260 ; money_sum[1]                 ; money_sum[5]                 ; clk          ; clk         ; 0.000        ; 0.523      ; 2.969      ;
; 2.265 ; drink_cost[1]                ; current_state.RETURN_CHANGE  ; clk          ; clk         ; 0.000        ; 0.076      ; 2.527      ;
; 2.279 ; money_sum[5]                 ; money_sum[6]                 ; clk          ; clk         ; 0.000        ; 0.097      ; 2.562      ;
; 2.284 ; drink_cost[1]                ; current_state.DISPENSER      ; clk          ; clk         ; 0.000        ; 0.076      ; 2.546      ;
; 2.297 ; money_sum[3]                 ; money_sum[4]                 ; clk          ; clk         ; 0.000        ; 0.080      ; 2.563      ;
; 2.328 ; drink_cost[0]                ; current_state.RETURN_CHANGE  ; clk          ; clk         ; 0.000        ; 0.082      ; 2.596      ;
; 2.330 ; money_sum[1]                 ; money_sum[6]                 ; clk          ; clk         ; 0.000        ; 0.523      ; 3.039      ;
; 2.333 ; drink_cost[0]                ; current_state.DISPENSER      ; clk          ; clk         ; 0.000        ; 0.082      ; 2.601      ;
; 2.354 ; money_sum[6]                 ; money_sum[7]                 ; clk          ; clk         ; 0.000        ; 0.090      ; 2.630      ;
; 2.375 ; money_sum[4]                 ; current_state.DISPENSER      ; clk          ; clk         ; 0.000        ; 0.074      ; 2.635      ;
; 2.395 ; money_sum[0]                 ; money_sum[4]                 ; clk          ; clk         ; 0.000        ; 0.076      ; 2.657      ;
; 2.398 ; money_sum[4]                 ; current_state.RETURN_CHANGE  ; clk          ; clk         ; 0.000        ; 0.074      ; 2.658      ;
; 2.408 ; drink_cost[2]                ; current_state.RETURN_CHANGE  ; clk          ; clk         ; 0.000        ; 0.076      ; 2.670      ;
; 2.427 ; drink_cost[2]                ; current_state.DISPENSER      ; clk          ; clk         ; 0.000        ; 0.076      ; 2.689      ;
+-------+------------------------------+------------------------------+--------------+-------------+--------------+------------+------------+


-----------------------------------------------
; Slow 1200mV 85C Model Metastability Summary ;
-----------------------------------------------
No synchronizer chains to report.


+-----------------------------------------------------------------------------------------------------------+
; Slow 1200mV 0C Model Fmax Summary                                                                         ;
+------------+-----------------+------------+---------------------------------------------------------------+
; Fmax       ; Restricted Fmax ; Clock Name ; Note                                                          ;
+------------+-----------------+------------+---------------------------------------------------------------+
; 255.36 MHz ; 250.0 MHz       ; clk        ; limit due to minimum period restriction (max I/O toggle rate) ;
+------------+-----------------+------------+---------------------------------------------------------------+
This panel reports FMAX for every clock in the design, regardless of the user-specified clock periods.  FMAX is only computed for paths where the source and destination registers or ports are driven by the same clock.  Paths of different clocks, including generated clocks, are ignored.  For paths between a clock and its inversion, FMAX is computed as if the rising and falling edges are scaled along with FMAX, such that the duty cycle (in terms of a percentage) is maintained. Altera recommends that you always use clock constraints and other slack reports for sign-off analysis.


+------------------------------------+
; Slow 1200mV 0C Model Setup Summary ;
+-------+--------+-------------------+
; Clock ; Slack  ; End Point TNS     ;
+-------+--------+-------------------+
; clk   ; -2.916 ; -32.787           ;
+-------+--------+-------------------+


+-----------------------------------+
; Slow 1200mV 0C Model Hold Summary ;
+-------+-------+-------------------+
; Clock ; Slack ; End Point TNS     ;
+-------+-------+-------------------+
; clk   ; 0.338 ; 0.000             ;
+-------+-------+-------------------+


-----------------------------------------
; Slow 1200mV 0C Model Recovery Summary ;
-----------------------------------------
No paths to report.


----------------------------------------
; Slow 1200mV 0C Model Removal Summary ;
----------------------------------------
No paths to report.


+--------------------------------------------------+
; Slow 1200mV 0C Model Minimum Pulse Width Summary ;
+-------+--------+---------------------------------+
; Clock ; Slack  ; End Point TNS                   ;
+-------+--------+---------------------------------+
; clk   ; -3.000 ; -27.415                         ;
+-------+--------+---------------------------------+


+--------------------------------------------------------------------------------------------------------------------------------------------+
; Slow 1200mV 0C Model Setup: 'clk'                                                                                                          ;
+--------+------------------------------+------------------------------+--------------+-------------+--------------+------------+------------+
; Slack  ; From Node                    ; To Node                      ; Launch Clock ; Latch Clock ; Relationship ; Clock Skew ; Data Delay ;
+--------+------------------------------+------------------------------+--------------+-------------+--------------+------------+------------+
; -2.916 ; money_sum[3]                 ; money_sum[4]                 ; clk          ; clk         ; 1.000        ; -0.071     ; 3.844      ;
; -2.575 ; money_sum[2]                 ; money_sum[3]                 ; clk          ; clk         ; 1.000        ; -0.075     ; 3.499      ;
; -2.547 ; money_sum[1]                 ; money_sum[2]                 ; clk          ; clk         ; 1.000        ; -0.061     ; 3.485      ;
; -2.543 ; money_sum[7]                 ; current_state.RETURN_CHANGE  ; clk          ; clk         ; 1.000        ; -0.474     ; 3.068      ;
; -2.534 ; money_sum[7]                 ; current_state.DISPENSER      ; clk          ; clk         ; 1.000        ; -0.474     ; 3.059      ;
; -2.524 ; money_sum[2]                 ; money_sum[4]                 ; clk          ; clk         ; 1.000        ; -0.075     ; 3.448      ;
; -2.466 ; money_sum[1]                 ; money_sum[4]                 ; clk          ; clk         ; 1.000        ; -0.065     ; 3.400      ;
; -2.463 ; money_sum[3]                 ; money_sum[3]                 ; clk          ; clk         ; 1.000        ; -0.071     ; 3.391      ;
; -2.435 ; money_sum[1]                 ; money_sum[3]                 ; clk          ; clk         ; 1.000        ; -0.065     ; 3.369      ;
; -2.434 ; money_sum[2]                 ; money_sum[2]                 ; clk          ; clk         ; 1.000        ; -0.071     ; 3.362      ;
; -2.430 ; money_sum[6]                 ; money_sum[7]                 ; clk          ; clk         ; 1.000        ; -0.094     ; 3.335      ;
; -2.404 ; money_sum[4]                 ; money_sum[4]                 ; clk          ; clk         ; 1.000        ; -0.071     ; 3.332      ;
; -2.395 ; money_sum[5]                 ; current_state.RETURN_CHANGE  ; clk          ; clk         ; 1.000        ; -0.481     ; 2.913      ;
; -2.394 ; money_sum[6]                 ; current_state.RETURN_CHANGE  ; clk          ; clk         ; 1.000        ; -0.481     ; 2.912      ;
; -2.386 ; money_sum[5]                 ; current_state.DISPENSER      ; clk          ; clk         ; 1.000        ; -0.481     ; 2.904      ;
; -2.385 ; money_sum[6]                 ; current_state.DISPENSER      ; clk          ; clk         ; 1.000        ; -0.481     ; 2.903      ;
; -2.379 ; money_sum[4]                 ; money_sum[5]                 ; clk          ; clk         ; 1.000        ; 0.317      ; 3.695      ;
; -2.375 ; money_sum[5]                 ; money_sum[7]                 ; clk          ; clk         ; 1.000        ; -0.094     ; 3.280      ;
; -2.359 ; money_sum[5]                 ; money_sum[6]                 ; clk          ; clk         ; 1.000        ; -0.087     ; 3.271      ;
; -2.352 ; money_sum[0]                 ; money_sum[3]                 ; clk          ; clk         ; 1.000        ; -0.075     ; 3.276      ;
; -2.327 ; money_sum[3]                 ; money_sum[5]                 ; clk          ; clk         ; 1.000        ; 0.317      ; 3.643      ;
; -2.274 ; money_sum[0]                 ; money_sum[2]                 ; clk          ; clk         ; 1.000        ; -0.071     ; 3.202      ;
; -2.229 ; drink_cost[1]                ; current_state.RETURN_CHANGE  ; clk          ; clk         ; 1.000        ; -0.075     ; 3.153      ;
; -2.222 ; drink_cost[1]                ; current_state.DISPENSER      ; clk          ; clk         ; 1.000        ; -0.075     ; 3.146      ;
; -2.203 ; money_sum[0]                 ; money_sum[1]                 ; clk          ; clk         ; 1.000        ; -0.081     ; 3.121      ;
; -2.198 ; money_sum[5]                 ; money_sum[5]                 ; clk          ; clk         ; 1.000        ; -0.087     ; 3.110      ;
; -2.197 ; money_sum[1]                 ; money_sum[6]                 ; clk          ; clk         ; 1.000        ; 0.323      ; 3.519      ;
; -2.192 ; current_state.WAIT_MONEY     ; current_state.RETURN_CHANGE  ; clk          ; clk         ; 1.000        ; -0.075     ; 3.116      ;
; -2.183 ; current_state.WAIT_MONEY     ; current_state.DISPENSER      ; clk          ; clk         ; 1.000        ; -0.075     ; 3.107      ;
; -2.170 ; money_sum[3]                 ; money_sum[6]                 ; clk          ; clk         ; 1.000        ; 0.317      ; 3.486      ;
; -2.166 ; money_sum[4]                 ; money_sum[7]                 ; clk          ; clk         ; 1.000        ; 0.310      ; 3.475      ;
; -2.152 ; money_sum[2]                 ; money_sum[7]                 ; clk          ; clk         ; 1.000        ; 0.306      ; 3.457      ;
; -2.152 ; money_sum[1]                 ; money_sum[7]                 ; clk          ; clk         ; 1.000        ; 0.316      ; 3.467      ;
; -2.114 ; money_sum[3]                 ; money_sum[7]                 ; clk          ; clk         ; 1.000        ; 0.310      ; 3.423      ;
; -2.106 ; drink_cost[0]                ; current_state.RETURN_CHANGE  ; clk          ; clk         ; 1.000        ; -0.069     ; 3.036      ;
; -2.103 ; current_state.WAIT_SELECTION ; current_state.RETURN_CHANGE  ; clk          ; clk         ; 1.000        ; -0.075     ; 3.027      ;
; -2.094 ; current_state.WAIT_SELECTION ; current_state.DISPENSER      ; clk          ; clk         ; 1.000        ; -0.075     ; 3.018      ;
; -2.085 ; money_sum[2]                 ; money_sum[6]                 ; clk          ; clk         ; 1.000        ; 0.313      ; 3.397      ;
; -2.085 ; drink_cost[0]                ; current_state.DISPENSER      ; clk          ; clk         ; 1.000        ; -0.069     ; 3.015      ;
; -2.082 ; money_sum[2]                 ; money_sum[5]                 ; clk          ; clk         ; 1.000        ; 0.313      ; 3.394      ;
; -2.078 ; money_sum[4]                 ; current_state.RETURN_CHANGE  ; clk          ; clk         ; 1.000        ; -0.077     ; 3.000      ;
; -2.076 ; money_sum[0]                 ; money_sum[7]                 ; clk          ; clk         ; 1.000        ; 0.306      ; 3.381      ;
; -2.069 ; money_sum[4]                 ; current_state.DISPENSER      ; clk          ; clk         ; 1.000        ; -0.077     ; 2.991      ;
; -2.016 ; money_sum[4]                 ; money_sum[6]                 ; clk          ; clk         ; 1.000        ; 0.317      ; 3.332      ;
; -1.981 ; money_sum[1]                 ; money_sum[5]                 ; clk          ; clk         ; 1.000        ; 0.323      ; 3.303      ;
; -1.975 ; drink_cost[2]                ; current_state.DISPENSER      ; clk          ; clk         ; 1.000        ; -0.075     ; 2.899      ;
; -1.959 ; drink_cost[2]                ; current_state.RETURN_CHANGE  ; clk          ; clk         ; 1.000        ; -0.075     ; 2.883      ;
; -1.920 ; money_sum[0]                 ; money_sum[4]                 ; clk          ; clk         ; 1.000        ; -0.075     ; 2.844      ;
; -1.900 ; money_sum[1]                 ; money_sum[1]                 ; clk          ; clk         ; 1.000        ; -0.071     ; 2.828      ;
; -1.897 ; current_state.WAIT_SELECTION ; current_state.WAIT_SELECTION ; clk          ; clk         ; 1.000        ; -0.071     ; 2.825      ;
; -1.826 ; money_sum[6]                 ; money_sum[6]                 ; clk          ; clk         ; 1.000        ; -0.087     ; 2.738      ;
; -1.769 ; money_sum[2]                 ; current_state.RETURN_CHANGE  ; clk          ; clk         ; 1.000        ; -0.081     ; 2.687      ;
; -1.748 ; money_sum[2]                 ; current_state.DISPENSER      ; clk          ; clk         ; 1.000        ; -0.081     ; 2.666      ;
; -1.735 ; current_state.WAIT_MONEY     ; current_state.WAIT_SELECTION ; clk          ; clk         ; 1.000        ; -0.071     ; 2.663      ;
; -1.691 ; money_sum[0]                 ; money_sum[6]                 ; clk          ; clk         ; 1.000        ; 0.313      ; 3.003      ;
; -1.682 ; money_sum[0]                 ; current_state.RETURN_CHANGE  ; clk          ; clk         ; 1.000        ; -0.081     ; 2.600      ;
; -1.674 ; money_sum[0]                 ; money_sum[5]                 ; clk          ; clk         ; 1.000        ; 0.313      ; 2.986      ;
; -1.661 ; money_sum[0]                 ; current_state.DISPENSER      ; clk          ; clk         ; 1.000        ; -0.081     ; 2.579      ;
; -1.636 ; money_sum[7]                 ; money_sum[7]                 ; clk          ; clk         ; 1.000        ; -0.087     ; 2.548      ;
; -1.595 ; money_sum[1]                 ; current_state.RETURN_CHANGE  ; clk          ; clk         ; 1.000        ; -0.071     ; 2.523      ;
; -1.588 ; money_sum[1]                 ; current_state.DISPENSER      ; clk          ; clk         ; 1.000        ; -0.071     ; 2.516      ;
; -1.493 ; current_state.RETURN_CHANGE  ; current_state.RETURN_CHANGE  ; clk          ; clk         ; 1.000        ; -0.071     ; 2.421      ;
; -1.479 ; current_state.DISPENSER      ; current_state.RETURN_CHANGE  ; clk          ; clk         ; 1.000        ; -0.071     ; 2.407      ;
; -1.309 ; money_sum[3]                 ; current_state.DISPENSER      ; clk          ; clk         ; 1.000        ; -0.077     ; 2.231      ;
; -1.293 ; money_sum[3]                 ; current_state.RETURN_CHANGE  ; clk          ; clk         ; 1.000        ; -0.077     ; 2.215      ;
; -1.281 ; current_state.IDLE           ; current_state.WAIT_SELECTION ; clk          ; clk         ; 1.000        ; -0.468     ; 1.812      ;
; -1.263 ; current_state.WAIT_SELECTION ; current_state.WAIT_MONEY     ; clk          ; clk         ; 1.000        ; -0.071     ; 2.191      ;
; -1.217 ; current_state.WAIT_MONEY     ; money_sum[4]                 ; clk          ; clk         ; 1.000        ; -0.069     ; 2.147      ;
; -1.189 ; drink_cost[1]                ; drink_cost[1]                ; clk          ; clk         ; 1.000        ; -0.071     ; 2.117      ;
; -1.137 ; current_state.RETURN_CHANGE  ; current_state.WAIT_MONEY     ; clk          ; clk         ; 1.000        ; -0.067     ; 2.069      ;
; -1.106 ; current_state.WAIT_SELECTION ; money_sum[0]                 ; clk          ; clk         ; 1.000        ; -0.065     ; 2.040      ;
; -1.105 ; current_state.RETURN_CHANGE  ; current_state.WAIT_SELECTION ; clk          ; clk         ; 1.000        ; -0.067     ; 2.037      ;
; -1.101 ; current_state.WAIT_MONEY     ; current_state.WAIT_MONEY     ; clk          ; clk         ; 1.000        ; -0.071     ; 2.029      ;
; -1.071 ; current_state.WAIT_MONEY     ; drink_cost[1]                ; clk          ; clk         ; 1.000        ; -0.071     ; 1.999      ;
; -1.030 ; current_state.DISPENSER      ; current_state.DISPENSER      ; clk          ; clk         ; 1.000        ; -0.071     ; 1.958      ;
; -1.029 ; drink_cost[3]                ; current_state.DISPENSER      ; clk          ; clk         ; 1.000        ; -0.071     ; 1.957      ;
; -1.023 ; current_state.RETURN_CHANGE  ; current_state.DISPENSER      ; clk          ; clk         ; 1.000        ; -0.071     ; 1.951      ;
; -1.021 ; current_state.WAIT_MONEY     ; drink_cost[0]                ; clk          ; clk         ; 1.000        ; -0.077     ; 1.943      ;
; -1.013 ; drink_cost[3]                ; current_state.RETURN_CHANGE  ; clk          ; clk         ; 1.000        ; -0.071     ; 1.941      ;
; -0.986 ; current_state.DISPENSER      ; current_state.WAIT_MONEY     ; clk          ; clk         ; 1.000        ; -0.067     ; 1.918      ;
; -0.964 ; current_state.DISPENSER      ; current_state.WAIT_SELECTION ; clk          ; clk         ; 1.000        ; -0.067     ; 1.896      ;
; -0.961 ; money_sum[0]                 ; money_sum[0]                 ; clk          ; clk         ; 1.000        ; -0.071     ; 1.889      ;
; -0.937 ; drink_cost[0]                ; drink_cost[0]                ; clk          ; clk         ; 1.000        ; -0.071     ; 1.865      ;
; -0.922 ; current_state.WAIT_SELECTION ; drink_cost[1]                ; clk          ; clk         ; 1.000        ; -0.071     ; 1.850      ;
; -0.908 ; current_state.WAIT_SELECTION ; drink_cost[0]                ; clk          ; clk         ; 1.000        ; -0.077     ; 1.830      ;
; -0.895 ; current_state.WAIT_SELECTION ; current_state.IDLE           ; clk          ; clk         ; 1.000        ; 0.309      ; 2.203      ;
; -0.868 ; current_state.WAIT_SELECTION ; selected_drink[2]            ; clk          ; clk         ; 1.000        ; -0.077     ; 1.790      ;
; -0.825 ; current_state.WAIT_MONEY     ; selected_drink[1]            ; clk          ; clk         ; 1.000        ; -0.077     ; 1.747      ;
; -0.807 ; current_state.WAIT_SELECTION ; drink_cost[2]                ; clk          ; clk         ; 1.000        ; -0.071     ; 1.735      ;
; -0.803 ; current_state.WAIT_MONEY     ; money_sum[0]                 ; clk          ; clk         ; 1.000        ; -0.065     ; 1.737      ;
; -0.793 ; current_state.IDLE           ; current_state.WAIT_MONEY     ; clk          ; clk         ; 1.000        ; -0.468     ; 1.324      ;
; -0.764 ; drink_cost[2]                ; drink_cost[2]                ; clk          ; clk         ; 1.000        ; -0.071     ; 1.692      ;
; -0.759 ; current_state.WAIT_MONEY     ; money_sum[1]                 ; clk          ; clk         ; 1.000        ; -0.075     ; 1.683      ;
; -0.751 ; current_state.RETURN_CHANGE  ; current_state.IDLE           ; clk          ; clk         ; 1.000        ; 0.313      ; 2.063      ;
; -0.738 ; current_state.WAIT_MONEY     ; money_sum[2]                 ; clk          ; clk         ; 1.000        ; -0.065     ; 1.672      ;
; -0.733 ; current_state.WAIT_MONEY     ; current_state.IDLE           ; clk          ; clk         ; 1.000        ; 0.309      ; 2.041      ;
; -0.714 ; current_state.WAIT_SELECTION ; selected_drink[1]            ; clk          ; clk         ; 1.000        ; -0.077     ; 1.636      ;
; -0.645 ; current_state.WAIT_MONEY     ; drink_cost[2]                ; clk          ; clk         ; 1.000        ; -0.071     ; 1.573      ;
; -0.607 ; current_state.WAIT_MONEY     ; money_sum[3]                 ; clk          ; clk         ; 1.000        ; -0.069     ; 1.537      ;
; -0.600 ; current_state.DISPENSER      ; current_state.IDLE           ; clk          ; clk         ; 1.000        ; 0.313      ; 1.912      ;
+--------+------------------------------+------------------------------+--------------+-------------+--------------+------------+------------+


+-------------------------------------------------------------------------------------------------------------------------------------------+
; Slow 1200mV 0C Model Hold: 'clk'                                                                                                          ;
+-------+------------------------------+------------------------------+--------------+-------------+--------------+------------+------------+
; Slack ; From Node                    ; To Node                      ; Launch Clock ; Latch Clock ; Relationship ; Clock Skew ; Data Delay ;
+-------+------------------------------+------------------------------+--------------+-------------+--------------+------------+------------+
; 0.338 ; current_state.IDLE           ; current_state.IDLE           ; clk          ; clk         ; 0.000        ; 0.088      ; 0.597      ;
; 0.339 ; money_sum[5]                 ; money_sum[5]                 ; clk          ; clk         ; 0.000        ; 0.087      ; 0.597      ;
; 0.339 ; money_sum[6]                 ; money_sum[6]                 ; clk          ; clk         ; 0.000        ; 0.087      ; 0.597      ;
; 0.339 ; money_sum[7]                 ; money_sum[7]                 ; clk          ; clk         ; 0.000        ; 0.087      ; 0.597      ;
; 0.355 ; selected_drink[2]            ; selected_drink[2]            ; clk          ; clk         ; 0.000        ; 0.071      ; 0.597      ;
; 0.355 ; money_sum[1]                 ; money_sum[1]                 ; clk          ; clk         ; 0.000        ; 0.071      ; 0.597      ;
; 0.355 ; money_sum[2]                 ; money_sum[2]                 ; clk          ; clk         ; 0.000        ; 0.071      ; 0.597      ;
; 0.355 ; money_sum[3]                 ; money_sum[3]                 ; clk          ; clk         ; 0.000        ; 0.071      ; 0.597      ;
; 0.355 ; money_sum[4]                 ; money_sum[4]                 ; clk          ; clk         ; 0.000        ; 0.071      ; 0.597      ;
; 0.355 ; current_state.WAIT_MONEY     ; current_state.WAIT_MONEY     ; clk          ; clk         ; 0.000        ; 0.071      ; 0.597      ;
; 0.355 ; drink_cost[3]                ; drink_cost[3]                ; clk          ; clk         ; 0.000        ; 0.071      ; 0.597      ;
; 0.355 ; current_state.WAIT_SELECTION ; current_state.WAIT_SELECTION ; clk          ; clk         ; 0.000        ; 0.071      ; 0.597      ;
; 0.474 ; current_state.WAIT_SELECTION ; money_sum[7]                 ; clk          ; clk         ; 0.000        ; 0.470      ; 1.115      ;
; 0.653 ; current_state.WAIT_SELECTION ; money_sum[5]                 ; clk          ; clk         ; 0.000        ; 0.477      ; 1.301      ;
; 0.653 ; current_state.WAIT_SELECTION ; money_sum[6]                 ; clk          ; clk         ; 0.000        ; 0.477      ; 1.301      ;
; 0.755 ; current_state.WAIT_MONEY     ; money_sum[7]                 ; clk          ; clk         ; 0.000        ; 0.470      ; 1.396      ;
; 0.796 ; current_state.WAIT_MONEY     ; drink_cost[3]                ; clk          ; clk         ; 0.000        ; 0.067      ; 1.034      ;
; 0.811 ; current_state.WAIT_MONEY     ; money_sum[0]                 ; clk          ; clk         ; 0.000        ; 0.077      ; 1.059      ;
; 0.873 ; current_state.WAIT_SELECTION ; money_sum[3]                 ; clk          ; clk         ; 0.000        ; 0.073      ; 1.117      ;
; 0.873 ; current_state.WAIT_SELECTION ; money_sum[4]                 ; clk          ; clk         ; 0.000        ; 0.073      ; 1.117      ;
; 0.909 ; current_state.WAIT_MONEY     ; money_sum[6]                 ; clk          ; clk         ; 0.000        ; 0.477      ; 1.557      ;
; 0.911 ; current_state.WAIT_MONEY     ; money_sum[5]                 ; clk          ; clk         ; 0.000        ; 0.477      ; 1.559      ;
; 0.914 ; selected_drink[1]            ; selected_drink[1]            ; clk          ; clk         ; 0.000        ; 0.071      ; 1.156      ;
; 1.019 ; current_state.WAIT_MONEY     ; selected_drink[2]            ; clk          ; clk         ; 0.000        ; 0.065      ; 1.255      ;
; 1.036 ; current_state.WAIT_SELECTION ; drink_cost[3]                ; clk          ; clk         ; 0.000        ; 0.067      ; 1.274      ;
; 1.049 ; current_state.WAIT_SELECTION ; money_sum[1]                 ; clk          ; clk         ; 0.000        ; 0.067      ; 1.287      ;
; 1.050 ; current_state.WAIT_SELECTION ; money_sum[2]                 ; clk          ; clk         ; 0.000        ; 0.077      ; 1.298      ;
; 1.086 ; current_state.WAIT_SELECTION ; drink_cost[1]                ; clk          ; clk         ; 0.000        ; 0.071      ; 1.328      ;
; 1.092 ; current_state.DISPENSER      ; current_state.IDLE           ; clk          ; clk         ; 0.000        ; 0.472      ; 1.735      ;
; 1.110 ; drink_cost[0]                ; drink_cost[0]                ; clk          ; clk         ; 0.000        ; 0.071      ; 1.352      ;
; 1.118 ; money_sum[0]                 ; money_sum[0]                 ; clk          ; clk         ; 0.000        ; 0.071      ; 1.360      ;
; 1.136 ; current_state.WAIT_SELECTION ; selected_drink[1]            ; clk          ; clk         ; 0.000        ; 0.065      ; 1.372      ;
; 1.199 ; current_state.WAIT_MONEY     ; money_sum[3]                 ; clk          ; clk         ; 0.000        ; 0.073      ; 1.443      ;
; 1.216 ; current_state.WAIT_MONEY     ; current_state.IDLE           ; clk          ; clk         ; 0.000        ; 0.468      ; 1.855      ;
; 1.232 ; current_state.WAIT_MONEY     ; drink_cost[2]                ; clk          ; clk         ; 0.000        ; 0.071      ; 1.474      ;
; 1.238 ; current_state.RETURN_CHANGE  ; current_state.IDLE           ; clk          ; clk         ; 0.000        ; 0.472      ; 1.881      ;
; 1.249 ; drink_cost[3]                ; current_state.DISPENSER      ; clk          ; clk         ; 0.000        ; 0.071      ; 1.491      ;
; 1.264 ; drink_cost[3]                ; current_state.RETURN_CHANGE  ; clk          ; clk         ; 0.000        ; 0.071      ; 1.506      ;
; 1.267 ; drink_cost[1]                ; drink_cost[1]                ; clk          ; clk         ; 0.000        ; 0.071      ; 1.509      ;
; 1.276 ; current_state.WAIT_MONEY     ; money_sum[2]                 ; clk          ; clk         ; 0.000        ; 0.077      ; 1.524      ;
; 1.289 ; drink_cost[2]                ; drink_cost[2]                ; clk          ; clk         ; 0.000        ; 0.071      ; 1.531      ;
; 1.305 ; current_state.WAIT_MONEY     ; money_sum[1]                 ; clk          ; clk         ; 0.000        ; 0.067      ; 1.543      ;
; 1.317 ; current_state.IDLE           ; current_state.WAIT_MONEY     ; clk          ; clk         ; 0.000        ; -0.309     ; 1.179      ;
; 1.342 ; current_state.WAIT_SELECTION ; current_state.IDLE           ; clk          ; clk         ; 0.000        ; 0.468      ; 1.981      ;
; 1.365 ; current_state.WAIT_MONEY     ; selected_drink[1]            ; clk          ; clk         ; 0.000        ; 0.065      ; 1.601      ;
; 1.387 ; current_state.WAIT_SELECTION ; selected_drink[2]            ; clk          ; clk         ; 0.000        ; 0.065      ; 1.623      ;
; 1.429 ; current_state.WAIT_SELECTION ; drink_cost[2]                ; clk          ; clk         ; 0.000        ; 0.071      ; 1.671      ;
; 1.444 ; current_state.WAIT_MONEY     ; current_state.WAIT_SELECTION ; clk          ; clk         ; 0.000        ; 0.071      ; 1.686      ;
; 1.444 ; current_state.WAIT_MONEY     ; current_state.RETURN_CHANGE  ; clk          ; clk         ; 0.000        ; 0.067      ; 1.682      ;
; 1.490 ; current_state.DISPENSER      ; current_state.WAIT_SELECTION ; clk          ; clk         ; 0.000        ; 0.075      ; 1.736      ;
; 1.504 ; current_state.WAIT_SELECTION ; drink_cost[0]                ; clk          ; clk         ; 0.000        ; 0.065      ; 1.740      ;
; 1.514 ; current_state.DISPENSER      ; current_state.WAIT_MONEY     ; clk          ; clk         ; 0.000        ; 0.075      ; 1.760      ;
; 1.520 ; money_sum[3]                 ; current_state.DISPENSER      ; clk          ; clk         ; 0.000        ; 0.065      ; 1.756      ;
; 1.528 ; current_state.WAIT_SELECTION ; money_sum[0]                 ; clk          ; clk         ; 0.000        ; 0.077      ; 1.776      ;
; 1.535 ; money_sum[3]                 ; current_state.RETURN_CHANGE  ; clk          ; clk         ; 0.000        ; 0.065      ; 1.771      ;
; 1.539 ; current_state.WAIT_MONEY     ; drink_cost[0]                ; clk          ; clk         ; 0.000        ; 0.065      ; 1.775      ;
; 1.565 ; current_state.DISPENSER      ; current_state.DISPENSER      ; clk          ; clk         ; 0.000        ; 0.071      ; 1.807      ;
; 1.588 ; current_state.RETURN_CHANGE  ; current_state.DISPENSER      ; clk          ; clk         ; 0.000        ; 0.071      ; 1.830      ;
; 1.625 ; current_state.DISPENSER      ; current_state.RETURN_CHANGE  ; clk          ; clk         ; 0.000        ; 0.071      ; 1.867      ;
; 1.625 ; current_state.WAIT_MONEY     ; drink_cost[1]                ; clk          ; clk         ; 0.000        ; 0.071      ; 1.867      ;
; 1.636 ; current_state.RETURN_CHANGE  ; current_state.WAIT_SELECTION ; clk          ; clk         ; 0.000        ; 0.075      ; 1.882      ;
; 1.648 ; current_state.RETURN_CHANGE  ; current_state.RETURN_CHANGE  ; clk          ; clk         ; 0.000        ; 0.071      ; 1.890      ;
; 1.650 ; current_state.RETURN_CHANGE  ; current_state.WAIT_MONEY     ; clk          ; clk         ; 0.000        ; 0.075      ; 1.896      ;
; 1.661 ; current_state.WAIT_MONEY     ; money_sum[4]                 ; clk          ; clk         ; 0.000        ; 0.073      ; 1.905      ;
; 1.672 ; money_sum[4]                 ; money_sum[5]                 ; clk          ; clk         ; 0.000        ; 0.475      ; 2.318      ;
; 1.695 ; current_state.WAIT_MONEY     ; current_state.DISPENSER      ; clk          ; clk         ; 0.000        ; 0.067      ; 1.933      ;
; 1.721 ; current_state.IDLE           ; current_state.WAIT_SELECTION ; clk          ; clk         ; 0.000        ; -0.309     ; 1.583      ;
; 1.722 ; money_sum[3]                 ; money_sum[5]                 ; clk          ; clk         ; 0.000        ; 0.475      ; 2.368      ;
; 1.726 ; money_sum[4]                 ; money_sum[6]                 ; clk          ; clk         ; 0.000        ; 0.475      ; 2.372      ;
; 1.737 ; money_sum[4]                 ; money_sum[7]                 ; clk          ; clk         ; 0.000        ; 0.468      ; 2.376      ;
; 1.749 ; current_state.WAIT_SELECTION ; current_state.DISPENSER      ; clk          ; clk         ; 0.000        ; 0.067      ; 1.987      ;
; 1.756 ; current_state.WAIT_SELECTION ; current_state.WAIT_MONEY     ; clk          ; clk         ; 0.000        ; 0.071      ; 1.998      ;
; 1.775 ; money_sum[3]                 ; money_sum[7]                 ; clk          ; clk         ; 0.000        ; 0.468      ; 2.414      ;
; 1.809 ; current_state.WAIT_SELECTION ; current_state.RETURN_CHANGE  ; clk          ; clk         ; 0.000        ; 0.067      ; 2.047      ;
; 1.841 ; money_sum[3]                 ; money_sum[6]                 ; clk          ; clk         ; 0.000        ; 0.475      ; 2.487      ;
; 1.859 ; money_sum[2]                 ; current_state.RETURN_CHANGE  ; clk          ; clk         ; 0.000        ; 0.061      ; 2.091      ;
; 1.872 ; money_sum[1]                 ; current_state.DISPENSER      ; clk          ; clk         ; 0.000        ; 0.071      ; 2.114      ;
; 1.872 ; money_sum[0]                 ; money_sum[5]                 ; clk          ; clk         ; 0.000        ; 0.471      ; 2.514      ;
; 1.882 ; money_sum[2]                 ; current_state.DISPENSER      ; clk          ; clk         ; 0.000        ; 0.061      ; 2.114      ;
; 1.885 ; money_sum[1]                 ; current_state.RETURN_CHANGE  ; clk          ; clk         ; 0.000        ; 0.071      ; 2.127      ;
; 1.888 ; money_sum[0]                 ; current_state.RETURN_CHANGE  ; clk          ; clk         ; 0.000        ; 0.061      ; 2.120      ;
; 1.903 ; money_sum[0]                 ; current_state.DISPENSER      ; clk          ; clk         ; 0.000        ; 0.061      ; 2.135      ;
; 1.926 ; money_sum[0]                 ; money_sum[6]                 ; clk          ; clk         ; 0.000        ; 0.471      ; 2.568      ;
; 1.930 ; money_sum[2]                 ; money_sum[5]                 ; clk          ; clk         ; 0.000        ; 0.471      ; 2.572      ;
; 1.952 ; money_sum[2]                 ; money_sum[7]                 ; clk          ; clk         ; 0.000        ; 0.464      ; 2.587      ;
; 1.978 ; money_sum[2]                 ; money_sum[6]                 ; clk          ; clk         ; 0.000        ; 0.471      ; 2.620      ;
; 2.028 ; money_sum[1]                 ; money_sum[5]                 ; clk          ; clk         ; 0.000        ; 0.481      ; 2.680      ;
; 2.057 ; drink_cost[1]                ; current_state.RETURN_CHANGE  ; clk          ; clk         ; 0.000        ; 0.067      ; 2.295      ;
; 2.077 ; money_sum[5]                 ; money_sum[6]                 ; clk          ; clk         ; 0.000        ; 0.087      ; 2.335      ;
; 2.080 ; drink_cost[1]                ; current_state.DISPENSER      ; clk          ; clk         ; 0.000        ; 0.067      ; 2.318      ;
; 2.113 ; money_sum[6]                 ; money_sum[7]                 ; clk          ; clk         ; 0.000        ; 0.080      ; 2.364      ;
; 2.116 ; money_sum[3]                 ; money_sum[4]                 ; clk          ; clk         ; 0.000        ; 0.071      ; 2.358      ;
; 2.120 ; money_sum[1]                 ; money_sum[6]                 ; clk          ; clk         ; 0.000        ; 0.481      ; 2.772      ;
; 2.148 ; drink_cost[0]                ; current_state.RETURN_CHANGE  ; clk          ; clk         ; 0.000        ; 0.073      ; 2.392      ;
; 2.163 ; money_sum[4]                 ; current_state.DISPENSER      ; clk          ; clk         ; 0.000        ; 0.065      ; 2.399      ;
; 2.164 ; drink_cost[0]                ; current_state.DISPENSER      ; clk          ; clk         ; 0.000        ; 0.073      ; 2.408      ;
; 2.176 ; money_sum[4]                 ; current_state.RETURN_CHANGE  ; clk          ; clk         ; 0.000        ; 0.065      ; 2.412      ;
; 2.186 ; drink_cost[2]                ; current_state.RETURN_CHANGE  ; clk          ; clk         ; 0.000        ; 0.067      ; 2.424      ;
; 2.201 ; money_sum[0]                 ; money_sum[4]                 ; clk          ; clk         ; 0.000        ; 0.067      ; 2.439      ;
; 2.206 ; money_sum[0]                 ; money_sum[7]                 ; clk          ; clk         ; 0.000        ; 0.464      ; 2.841      ;
+-------+------------------------------+------------------------------+--------------+-------------+--------------+------------+------------+


----------------------------------------------
; Slow 1200mV 0C Model Metastability Summary ;
----------------------------------------------
No synchronizer chains to report.


+------------------------------------+
; Fast 1200mV 0C Model Setup Summary ;
+-------+--------+-------------------+
; Clock ; Slack  ; End Point TNS     ;
+-------+--------+-------------------+
; clk   ; -1.096 ; -9.041            ;
+-------+--------+-------------------+


+-----------------------------------+
; Fast 1200mV 0C Model Hold Summary ;
+-------+-------+-------------------+
; Clock ; Slack ; End Point TNS     ;
+-------+-------+-------------------+
; clk   ; 0.174 ; 0.000             ;
+-------+-------+-------------------+


-----------------------------------------
; Fast 1200mV 0C Model Recovery Summary ;
-----------------------------------------
No paths to report.


----------------------------------------
; Fast 1200mV 0C Model Removal Summary ;
----------------------------------------
No paths to report.


+--------------------------------------------------+
; Fast 1200mV 0C Model Minimum Pulse Width Summary ;
+-------+--------+---------------------------------+
; Clock ; Slack  ; End Point TNS                   ;
+-------+--------+---------------------------------+
; clk   ; -3.000 ; -23.265                         ;
+-------+--------+---------------------------------+


+--------------------------------------------------------------------------------------------------------------------------------------------+
; Fast 1200mV 0C Model Setup: 'clk'                                                                                                          ;
+--------+------------------------------+------------------------------+--------------+-------------+--------------+------------+------------+
; Slack  ; From Node                    ; To Node                      ; Launch Clock ; Latch Clock ; Relationship ; Clock Skew ; Data Delay ;
+--------+------------------------------+------------------------------+--------------+-------------+--------------+------------+------------+
; -1.096 ; money_sum[3]                 ; money_sum[4]                 ; clk          ; clk         ; 1.000        ; -0.040     ; 2.043      ;
; -0.906 ; money_sum[1]                 ; money_sum[2]                 ; clk          ; clk         ; 1.000        ; -0.030     ; 1.863      ;
; -0.890 ; money_sum[1]                 ; money_sum[3]                 ; clk          ; clk         ; 1.000        ; -0.034     ; 1.843      ;
; -0.881 ; money_sum[2]                 ; money_sum[3]                 ; clk          ; clk         ; 1.000        ; -0.045     ; 1.823      ;
; -0.859 ; money_sum[2]                 ; money_sum[4]                 ; clk          ; clk         ; 1.000        ; -0.045     ; 1.801      ;
; -0.857 ; money_sum[3]                 ; money_sum[3]                 ; clk          ; clk         ; 1.000        ; -0.040     ; 1.804      ;
; -0.847 ; money_sum[2]                 ; money_sum[2]                 ; clk          ; clk         ; 1.000        ; -0.041     ; 1.793      ;
; -0.846 ; money_sum[7]                 ; current_state.RETURN_CHANGE  ; clk          ; clk         ; 1.000        ; -0.249     ; 1.584      ;
; -0.842 ; money_sum[4]                 ; money_sum[4]                 ; clk          ; clk         ; 1.000        ; -0.040     ; 1.789      ;
; -0.835 ; money_sum[6]                 ; money_sum[7]                 ; clk          ; clk         ; 1.000        ; -0.055     ; 1.767      ;
; -0.829 ; money_sum[4]                 ; money_sum[5]                 ; clk          ; clk         ; 1.000        ; 0.160      ; 1.976      ;
; -0.823 ; money_sum[7]                 ; current_state.DISPENSER      ; clk          ; clk         ; 1.000        ; -0.249     ; 1.561      ;
; -0.802 ; money_sum[5]                 ; money_sum[7]                 ; clk          ; clk         ; 1.000        ; -0.055     ; 1.734      ;
; -0.800 ; money_sum[3]                 ; money_sum[5]                 ; clk          ; clk         ; 1.000        ; 0.160      ; 1.947      ;
; -0.784 ; current_state.WAIT_MONEY     ; current_state.RETURN_CHANGE  ; clk          ; clk         ; 1.000        ; -0.044     ; 1.727      ;
; -0.776 ; money_sum[1]                 ; money_sum[4]                 ; clk          ; clk         ; 1.000        ; -0.034     ; 1.729      ;
; -0.768 ; money_sum[5]                 ; current_state.RETURN_CHANGE  ; clk          ; clk         ; 1.000        ; -0.255     ; 1.500      ;
; -0.768 ; money_sum[1]                 ; money_sum[7]                 ; clk          ; clk         ; 1.000        ; 0.160      ; 1.915      ;
; -0.761 ; money_sum[6]                 ; current_state.RETURN_CHANGE  ; clk          ; clk         ; 1.000        ; -0.255     ; 1.493      ;
; -0.761 ; current_state.WAIT_MONEY     ; current_state.DISPENSER      ; clk          ; clk         ; 1.000        ; -0.044     ; 1.704      ;
; -0.758 ; money_sum[5]                 ; money_sum[5]                 ; clk          ; clk         ; 1.000        ; -0.049     ; 1.696      ;
; -0.749 ; money_sum[0]                 ; money_sum[3]                 ; clk          ; clk         ; 1.000        ; -0.045     ; 1.691      ;
; -0.745 ; money_sum[5]                 ; current_state.DISPENSER      ; clk          ; clk         ; 1.000        ; -0.255     ; 1.477      ;
; -0.738 ; money_sum[6]                 ; current_state.DISPENSER      ; clk          ; clk         ; 1.000        ; -0.255     ; 1.470      ;
; -0.737 ; money_sum[0]                 ; money_sum[2]                 ; clk          ; clk         ; 1.000        ; -0.041     ; 1.683      ;
; -0.727 ; money_sum[3]                 ; money_sum[6]                 ; clk          ; clk         ; 1.000        ; 0.160      ; 1.874      ;
; -0.727 ; current_state.WAIT_SELECTION ; current_state.RETURN_CHANGE  ; clk          ; clk         ; 1.000        ; -0.044     ; 1.670      ;
; -0.724 ; drink_cost[1]                ; current_state.RETURN_CHANGE  ; clk          ; clk         ; 1.000        ; -0.044     ; 1.667      ;
; -0.723 ; drink_cost[1]                ; current_state.DISPENSER      ; clk          ; clk         ; 1.000        ; -0.044     ; 1.666      ;
; -0.721 ; money_sum[5]                 ; money_sum[6]                 ; clk          ; clk         ; 1.000        ; -0.049     ; 1.659      ;
; -0.705 ; money_sum[4]                 ; money_sum[7]                 ; clk          ; clk         ; 1.000        ; 0.154      ; 1.846      ;
; -0.705 ; drink_cost[0]                ; current_state.RETURN_CHANGE  ; clk          ; clk         ; 1.000        ; -0.038     ; 1.654      ;
; -0.704 ; current_state.WAIT_SELECTION ; current_state.DISPENSER      ; clk          ; clk         ; 1.000        ; -0.044     ; 1.647      ;
; -0.697 ; money_sum[2]                 ; money_sum[7]                 ; clk          ; clk         ; 1.000        ; 0.149      ; 1.833      ;
; -0.693 ; money_sum[2]                 ; money_sum[6]                 ; clk          ; clk         ; 1.000        ; 0.155      ; 1.835      ;
; -0.684 ; money_sum[3]                 ; money_sum[7]                 ; clk          ; clk         ; 1.000        ; 0.154      ; 1.825      ;
; -0.682 ; drink_cost[0]                ; current_state.DISPENSER      ; clk          ; clk         ; 1.000        ; -0.038     ; 1.631      ;
; -0.661 ; money_sum[0]                 ; money_sum[1]                 ; clk          ; clk         ; 1.000        ; -0.051     ; 1.597      ;
; -0.660 ; money_sum[2]                 ; money_sum[5]                 ; clk          ; clk         ; 1.000        ; 0.155      ; 1.802      ;
; -0.649 ; money_sum[1]                 ; money_sum[6]                 ; clk          ; clk         ; 1.000        ; 0.166      ; 1.802      ;
; -0.641 ; money_sum[4]                 ; money_sum[6]                 ; clk          ; clk         ; 1.000        ; 0.160      ; 1.788      ;
; -0.627 ; money_sum[0]                 ; money_sum[7]                 ; clk          ; clk         ; 1.000        ; 0.149      ; 1.763      ;
; -0.614 ; drink_cost[2]                ; current_state.DISPENSER      ; clk          ; clk         ; 1.000        ; -0.044     ; 1.557      ;
; -0.604 ; money_sum[4]                 ; current_state.RETURN_CHANGE  ; clk          ; clk         ; 1.000        ; -0.046     ; 1.545      ;
; -0.601 ; drink_cost[2]                ; current_state.RETURN_CHANGE  ; clk          ; clk         ; 1.000        ; -0.044     ; 1.544      ;
; -0.593 ; money_sum[1]                 ; money_sum[5]                 ; clk          ; clk         ; 1.000        ; 0.166      ; 1.746      ;
; -0.589 ; money_sum[0]                 ; money_sum[4]                 ; clk          ; clk         ; 1.000        ; -0.045     ; 1.531      ;
; -0.585 ; current_state.WAIT_SELECTION ; current_state.WAIT_SELECTION ; clk          ; clk         ; 1.000        ; -0.040     ; 1.532      ;
; -0.581 ; money_sum[4]                 ; current_state.DISPENSER      ; clk          ; clk         ; 1.000        ; -0.046     ; 1.522      ;
; -0.555 ; money_sum[1]                 ; money_sum[1]                 ; clk          ; clk         ; 1.000        ; -0.040     ; 1.502      ;
; -0.493 ; money_sum[6]                 ; money_sum[6]                 ; clk          ; clk         ; 1.000        ; -0.049     ; 1.431      ;
; -0.481 ; current_state.WAIT_MONEY     ; current_state.WAIT_SELECTION ; clk          ; clk         ; 1.000        ; -0.040     ; 1.428      ;
; -0.472 ; money_sum[0]                 ; money_sum[6]                 ; clk          ; clk         ; 1.000        ; 0.155      ; 1.614      ;
; -0.452 ; money_sum[2]                 ; current_state.DISPENSER      ; clk          ; clk         ; 1.000        ; -0.051     ; 1.388      ;
; -0.442 ; money_sum[2]                 ; current_state.RETURN_CHANGE  ; clk          ; clk         ; 1.000        ; -0.051     ; 1.378      ;
; -0.418 ; money_sum[0]                 ; money_sum[5]                 ; clk          ; clk         ; 1.000        ; 0.155      ; 1.560      ;
; -0.409 ; money_sum[1]                 ; current_state.RETURN_CHANGE  ; clk          ; clk         ; 1.000        ; -0.040     ; 1.356      ;
; -0.408 ; money_sum[1]                 ; current_state.DISPENSER      ; clk          ; clk         ; 1.000        ; -0.040     ; 1.355      ;
; -0.403 ; money_sum[0]                 ; current_state.DISPENSER      ; clk          ; clk         ; 1.000        ; -0.051     ; 1.339      ;
; -0.403 ; money_sum[7]                 ; money_sum[7]                 ; clk          ; clk         ; 1.000        ; -0.049     ; 1.341      ;
; -0.393 ; money_sum[0]                 ; current_state.RETURN_CHANGE  ; clk          ; clk         ; 1.000        ; -0.051     ; 1.329      ;
; -0.307 ; current_state.RETURN_CHANGE  ; current_state.RETURN_CHANGE  ; clk          ; clk         ; 1.000        ; -0.040     ; 1.254      ;
; -0.306 ; current_state.DISPENSER      ; current_state.RETURN_CHANGE  ; clk          ; clk         ; 1.000        ; -0.040     ; 1.253      ;
; -0.248 ; current_state.WAIT_SELECTION ; current_state.WAIT_MONEY     ; clk          ; clk         ; 1.000        ; -0.040     ; 1.195      ;
; -0.243 ; money_sum[3]                 ; current_state.DISPENSER      ; clk          ; clk         ; 1.000        ; -0.046     ; 1.184      ;
; -0.230 ; money_sum[3]                 ; current_state.RETURN_CHANGE  ; clk          ; clk         ; 1.000        ; -0.046     ; 1.171      ;
; -0.207 ; current_state.WAIT_MONEY     ; money_sum[4]                 ; clk          ; clk         ; 1.000        ; -0.038     ; 1.156      ;
; -0.194 ; current_state.IDLE           ; current_state.WAIT_SELECTION ; clk          ; clk         ; 1.000        ; -0.243     ; 0.938      ;
; -0.177 ; current_state.WAIT_SELECTION ; money_sum[0]                 ; clk          ; clk         ; 1.000        ; -0.034     ; 1.130      ;
; -0.167 ; drink_cost[1]                ; drink_cost[1]                ; clk          ; clk         ; 1.000        ; -0.040     ; 1.114      ;
; -0.144 ; current_state.WAIT_MONEY     ; current_state.WAIT_MONEY     ; clk          ; clk         ; 1.000        ; -0.040     ; 1.091      ;
; -0.123 ; current_state.RETURN_CHANGE  ; current_state.WAIT_MONEY     ; clk          ; clk         ; 1.000        ; -0.036     ; 1.074      ;
; -0.117 ; current_state.RETURN_CHANGE  ; current_state.WAIT_SELECTION ; clk          ; clk         ; 1.000        ; -0.036     ; 1.068      ;
; -0.103 ; current_state.WAIT_MONEY     ; drink_cost[0]                ; clk          ; clk         ; 1.000        ; -0.046     ; 1.044      ;
; -0.095 ; current_state.WAIT_MONEY     ; drink_cost[1]                ; clk          ; clk         ; 1.000        ; -0.040     ; 1.042      ;
; -0.093 ; drink_cost[3]                ; current_state.RETURN_CHANGE  ; clk          ; clk         ; 1.000        ; -0.040     ; 1.040      ;
; -0.089 ; drink_cost[3]                ; current_state.DISPENSER      ; clk          ; clk         ; 1.000        ; -0.040     ; 1.036      ;
; -0.079 ; money_sum[0]                 ; money_sum[0]                 ; clk          ; clk         ; 1.000        ; -0.041     ; 1.025      ;
; -0.062 ; current_state.WAIT_SELECTION ; selected_drink[2]            ; clk          ; clk         ; 1.000        ; -0.046     ; 1.003      ;
; -0.062 ; current_state.WAIT_SELECTION ; current_state.IDLE           ; clk          ; clk         ; 1.000        ; 0.154      ; 1.203      ;
; -0.060 ; current_state.DISPENSER      ; current_state.DISPENSER      ; clk          ; clk         ; 1.000        ; -0.040     ; 1.007      ;
; -0.059 ; current_state.RETURN_CHANGE  ; current_state.DISPENSER      ; clk          ; clk         ; 1.000        ; -0.040     ; 1.006      ;
; -0.048 ; current_state.DISPENSER      ; current_state.WAIT_MONEY     ; clk          ; clk         ; 1.000        ; -0.036     ; 0.999      ;
; -0.046 ; current_state.WAIT_SELECTION ; drink_cost[0]                ; clk          ; clk         ; 1.000        ; -0.046     ; 0.987      ;
; -0.038 ; current_state.DISPENSER      ; current_state.WAIT_SELECTION ; clk          ; clk         ; 1.000        ; -0.036     ; 0.989      ;
; -0.024 ; current_state.WAIT_MONEY     ; selected_drink[1]            ; clk          ; clk         ; 1.000        ; -0.046     ; 0.965      ;
; -0.024 ; drink_cost[0]                ; drink_cost[0]                ; clk          ; clk         ; 1.000        ; -0.040     ; 0.971      ;
; -0.020 ; current_state.WAIT_SELECTION ; drink_cost[1]                ; clk          ; clk         ; 1.000        ; -0.040     ; 0.967      ;
; -0.013 ; current_state.WAIT_MONEY     ; money_sum[0]                 ; clk          ; clk         ; 1.000        ; -0.034     ; 0.966      ;
; 0.009  ; current_state.WAIT_MONEY     ; money_sum[1]                 ; clk          ; clk         ; 1.000        ; -0.044     ; 0.934      ;
; 0.028  ; current_state.WAIT_MONEY     ; money_sum[2]                 ; clk          ; clk         ; 1.000        ; -0.034     ; 0.925      ;
; 0.035  ; current_state.WAIT_SELECTION ; drink_cost[2]                ; clk          ; clk         ; 1.000        ; -0.040     ; 0.912      ;
; 0.038  ; current_state.WAIT_SELECTION ; selected_drink[1]            ; clk          ; clk         ; 1.000        ; -0.046     ; 0.903      ;
; 0.042  ; current_state.WAIT_MONEY     ; current_state.IDLE           ; clk          ; clk         ; 1.000        ; 0.154      ; 1.099      ;
; 0.047  ; current_state.IDLE           ; current_state.WAIT_MONEY     ; clk          ; clk         ; 1.000        ; -0.243     ; 0.697      ;
; 0.054  ; drink_cost[2]                ; drink_cost[2]                ; clk          ; clk         ; 1.000        ; -0.040     ; 0.893      ;
; 0.076  ; current_state.RETURN_CHANGE  ; current_state.IDLE           ; clk          ; clk         ; 1.000        ; 0.158      ; 1.069      ;
; 0.118  ; current_state.WAIT_MONEY     ; money_sum[3]                 ; clk          ; clk         ; 1.000        ; -0.038     ; 0.831      ;
; 0.122  ; current_state.WAIT_MONEY     ; drink_cost[2]                ; clk          ; clk         ; 1.000        ; -0.040     ; 0.825      ;
; 0.151  ; current_state.DISPENSER      ; current_state.IDLE           ; clk          ; clk         ; 1.000        ; 0.158      ; 0.994      ;
+--------+------------------------------+------------------------------+--------------+-------------+--------------+------------+------------+


+-------------------------------------------------------------------------------------------------------------------------------------------+
; Fast 1200mV 0C Model Hold: 'clk'                                                                                                          ;
+-------+------------------------------+------------------------------+--------------+-------------+--------------+------------+------------+
; Slack ; From Node                    ; To Node                      ; Launch Clock ; Latch Clock ; Relationship ; Clock Skew ; Data Delay ;
+-------+------------------------------+------------------------------+--------------+-------------+--------------+------------+------------+
; 0.174 ; money_sum[5]                 ; money_sum[5]                 ; clk          ; clk         ; 0.000        ; 0.049      ; 0.307      ;
; 0.174 ; money_sum[6]                 ; money_sum[6]                 ; clk          ; clk         ; 0.000        ; 0.049      ; 0.307      ;
; 0.174 ; money_sum[7]                 ; money_sum[7]                 ; clk          ; clk         ; 0.000        ; 0.049      ; 0.307      ;
; 0.174 ; current_state.IDLE           ; current_state.IDLE           ; clk          ; clk         ; 0.000        ; 0.049      ; 0.307      ;
; 0.182 ; money_sum[2]                 ; money_sum[2]                 ; clk          ; clk         ; 0.000        ; 0.041      ; 0.307      ;
; 0.183 ; selected_drink[2]            ; selected_drink[2]            ; clk          ; clk         ; 0.000        ; 0.040      ; 0.307      ;
; 0.183 ; money_sum[1]                 ; money_sum[1]                 ; clk          ; clk         ; 0.000        ; 0.040      ; 0.307      ;
; 0.183 ; money_sum[3]                 ; money_sum[3]                 ; clk          ; clk         ; 0.000        ; 0.040      ; 0.307      ;
; 0.183 ; money_sum[4]                 ; money_sum[4]                 ; clk          ; clk         ; 0.000        ; 0.040      ; 0.307      ;
; 0.183 ; current_state.WAIT_MONEY     ; current_state.WAIT_MONEY     ; clk          ; clk         ; 0.000        ; 0.040      ; 0.307      ;
; 0.183 ; drink_cost[3]                ; drink_cost[3]                ; clk          ; clk         ; 0.000        ; 0.040      ; 0.307      ;
; 0.183 ; current_state.WAIT_SELECTION ; current_state.WAIT_SELECTION ; clk          ; clk         ; 0.000        ; 0.040      ; 0.307      ;
; 0.220 ; current_state.WAIT_SELECTION ; money_sum[7]                 ; clk          ; clk         ; 0.000        ; 0.245      ; 0.549      ;
; 0.314 ; current_state.WAIT_SELECTION ; money_sum[6]                 ; clk          ; clk         ; 0.000        ; 0.251      ; 0.649      ;
; 0.315 ; current_state.WAIT_SELECTION ; money_sum[5]                 ; clk          ; clk         ; 0.000        ; 0.251      ; 0.650      ;
; 0.355 ; current_state.WAIT_MONEY     ; money_sum[7]                 ; clk          ; clk         ; 0.000        ; 0.245      ; 0.684      ;
; 0.397 ; current_state.WAIT_MONEY     ; drink_cost[3]                ; clk          ; clk         ; 0.000        ; 0.036      ; 0.517      ;
; 0.398 ; current_state.WAIT_MONEY     ; money_sum[0]                 ; clk          ; clk         ; 0.000        ; 0.047      ; 0.529      ;
; 0.425 ; current_state.WAIT_SELECTION ; money_sum[3]                 ; clk          ; clk         ; 0.000        ; 0.042      ; 0.551      ;
; 0.426 ; current_state.WAIT_SELECTION ; money_sum[4]                 ; clk          ; clk         ; 0.000        ; 0.042      ; 0.552      ;
; 0.437 ; current_state.WAIT_MONEY     ; money_sum[6]                 ; clk          ; clk         ; 0.000        ; 0.251      ; 0.772      ;
; 0.439 ; current_state.WAIT_MONEY     ; money_sum[5]                 ; clk          ; clk         ; 0.000        ; 0.251      ; 0.774      ;
; 0.448 ; selected_drink[1]            ; selected_drink[1]            ; clk          ; clk         ; 0.000        ; 0.040      ; 0.572      ;
; 0.507 ; current_state.WAIT_MONEY     ; selected_drink[2]            ; clk          ; clk         ; 0.000        ; 0.034      ; 0.625      ;
; 0.516 ; current_state.WAIT_SELECTION ; money_sum[2]                 ; clk          ; clk         ; 0.000        ; 0.047      ; 0.647      ;
; 0.517 ; current_state.WAIT_SELECTION ; drink_cost[1]                ; clk          ; clk         ; 0.000        ; 0.040      ; 0.641      ;
; 0.521 ; current_state.WAIT_SELECTION ; drink_cost[3]                ; clk          ; clk         ; 0.000        ; 0.036      ; 0.641      ;
; 0.528 ; current_state.WAIT_SELECTION ; money_sum[1]                 ; clk          ; clk         ; 0.000        ; 0.036      ; 0.648      ;
; 0.550 ; drink_cost[0]                ; drink_cost[0]                ; clk          ; clk         ; 0.000        ; 0.040      ; 0.674      ;
; 0.560 ; money_sum[0]                 ; money_sum[0]                 ; clk          ; clk         ; 0.000        ; 0.041      ; 0.685      ;
; 0.568 ; current_state.WAIT_SELECTION ; selected_drink[1]            ; clk          ; clk         ; 0.000        ; 0.034      ; 0.686      ;
; 0.570 ; current_state.DISPENSER      ; current_state.IDLE           ; clk          ; clk         ; 0.000        ; 0.247      ; 0.901      ;
; 0.573 ; current_state.WAIT_MONEY     ; money_sum[3]                 ; clk          ; clk         ; 0.000        ; 0.042      ; 0.699      ;
; 0.594 ; current_state.WAIT_MONEY     ; drink_cost[2]                ; clk          ; clk         ; 0.000        ; 0.040      ; 0.718      ;
; 0.609 ; current_state.WAIT_MONEY     ; current_state.IDLE           ; clk          ; clk         ; 0.000        ; 0.243      ; 0.936      ;
; 0.614 ; drink_cost[1]                ; drink_cost[1]                ; clk          ; clk         ; 0.000        ; 0.040      ; 0.738      ;
; 0.624 ; current_state.WAIT_MONEY     ; money_sum[2]                 ; clk          ; clk         ; 0.000        ; 0.047      ; 0.755      ;
; 0.625 ; drink_cost[3]                ; current_state.RETURN_CHANGE  ; clk          ; clk         ; 0.000        ; 0.040      ; 0.749      ;
; 0.625 ; drink_cost[2]                ; drink_cost[2]                ; clk          ; clk         ; 0.000        ; 0.040      ; 0.749      ;
; 0.627 ; drink_cost[3]                ; current_state.DISPENSER      ; clk          ; clk         ; 0.000        ; 0.040      ; 0.751      ;
; 0.642 ; current_state.RETURN_CHANGE  ; current_state.IDLE           ; clk          ; clk         ; 0.000        ; 0.247      ; 0.973      ;
; 0.648 ; current_state.WAIT_MONEY     ; money_sum[1]                 ; clk          ; clk         ; 0.000        ; 0.036      ; 0.768      ;
; 0.667 ; current_state.WAIT_MONEY     ; selected_drink[1]            ; clk          ; clk         ; 0.000        ; 0.034      ; 0.785      ;
; 0.680 ; current_state.WAIT_SELECTION ; drink_cost[2]                ; clk          ; clk         ; 0.000        ; 0.040      ; 0.804      ;
; 0.683 ; current_state.WAIT_SELECTION ; current_state.IDLE           ; clk          ; clk         ; 0.000        ; 0.243      ; 1.010      ;
; 0.691 ; current_state.IDLE           ; current_state.WAIT_MONEY     ; clk          ; clk         ; 0.000        ; -0.154     ; 0.621      ;
; 0.697 ; current_state.WAIT_SELECTION ; selected_drink[2]            ; clk          ; clk         ; 0.000        ; 0.034      ; 0.815      ;
; 0.728 ; current_state.WAIT_MONEY     ; current_state.RETURN_CHANGE  ; clk          ; clk         ; 0.000        ; 0.036      ; 0.848      ;
; 0.733 ; current_state.WAIT_MONEY     ; current_state.WAIT_SELECTION ; clk          ; clk         ; 0.000        ; 0.040      ; 0.857      ;
; 0.738 ; current_state.WAIT_SELECTION ; drink_cost[0]                ; clk          ; clk         ; 0.000        ; 0.034      ; 0.856      ;
; 0.751 ; current_state.WAIT_SELECTION ; money_sum[0]                 ; clk          ; clk         ; 0.000        ; 0.047      ; 0.882      ;
; 0.753 ; current_state.WAIT_MONEY     ; drink_cost[0]                ; clk          ; clk         ; 0.000        ; 0.034      ; 0.871      ;
; 0.774 ; current_state.DISPENSER      ; current_state.WAIT_SELECTION ; clk          ; clk         ; 0.000        ; 0.044      ; 0.902      ;
; 0.781 ; money_sum[3]                 ; current_state.DISPENSER      ; clk          ; clk         ; 0.000        ; 0.034      ; 0.899      ;
; 0.786 ; current_state.WAIT_MONEY     ; drink_cost[1]                ; clk          ; clk         ; 0.000        ; 0.040      ; 0.910      ;
; 0.794 ; current_state.DISPENSER      ; current_state.WAIT_MONEY     ; clk          ; clk         ; 0.000        ; 0.044      ; 0.922      ;
; 0.796 ; money_sum[3]                 ; current_state.RETURN_CHANGE  ; clk          ; clk         ; 0.000        ; 0.034      ; 0.914      ;
; 0.817 ; current_state.DISPENSER      ; current_state.DISPENSER      ; clk          ; clk         ; 0.000        ; 0.040      ; 0.941      ;
; 0.824 ; current_state.RETURN_CHANGE  ; current_state.DISPENSER      ; clk          ; clk         ; 0.000        ; 0.040      ; 0.948      ;
; 0.825 ; money_sum[4]                 ; money_sum[5]                 ; clk          ; clk         ; 0.000        ; 0.249      ; 1.158      ;
; 0.841 ; current_state.WAIT_MONEY     ; current_state.DISPENSER      ; clk          ; clk         ; 0.000        ; 0.036      ; 0.961      ;
; 0.844 ; money_sum[4]                 ; money_sum[6]                 ; clk          ; clk         ; 0.000        ; 0.249      ; 1.177      ;
; 0.845 ; current_state.WAIT_MONEY     ; money_sum[4]                 ; clk          ; clk         ; 0.000        ; 0.042      ; 0.971      ;
; 0.846 ; current_state.RETURN_CHANGE  ; current_state.WAIT_SELECTION ; clk          ; clk         ; 0.000        ; 0.044      ; 0.974      ;
; 0.860 ; current_state.WAIT_SELECTION ; current_state.DISPENSER      ; clk          ; clk         ; 0.000        ; 0.036      ; 0.980      ;
; 0.863 ; current_state.DISPENSER      ; current_state.RETURN_CHANGE  ; clk          ; clk         ; 0.000        ; 0.040      ; 0.987      ;
; 0.866 ; current_state.RETURN_CHANGE  ; current_state.WAIT_MONEY     ; clk          ; clk         ; 0.000        ; 0.044      ; 0.994      ;
; 0.870 ; money_sum[3]                 ; money_sum[5]                 ; clk          ; clk         ; 0.000        ; 0.249      ; 1.203      ;
; 0.870 ; current_state.RETURN_CHANGE  ; current_state.RETURN_CHANGE  ; clk          ; clk         ; 0.000        ; 0.040      ; 0.994      ;
; 0.872 ; current_state.IDLE           ; current_state.WAIT_SELECTION ; clk          ; clk         ; 0.000        ; -0.154     ; 0.802      ;
; 0.879 ; money_sum[4]                 ; money_sum[7]                 ; clk          ; clk         ; 0.000        ; 0.243      ; 1.206      ;
; 0.887 ; current_state.WAIT_SELECTION ; current_state.WAIT_MONEY     ; clk          ; clk         ; 0.000        ; 0.040      ; 1.011      ;
; 0.904 ; money_sum[3]                 ; money_sum[7]                 ; clk          ; clk         ; 0.000        ; 0.243      ; 1.231      ;
; 0.910 ; money_sum[3]                 ; money_sum[6]                 ; clk          ; clk         ; 0.000        ; 0.249      ; 1.243      ;
; 0.914 ; current_state.WAIT_SELECTION ; current_state.RETURN_CHANGE  ; clk          ; clk         ; 0.000        ; 0.036      ; 1.034      ;
; 0.937 ; money_sum[2]                 ; current_state.RETURN_CHANGE  ; clk          ; clk         ; 0.000        ; 0.030      ; 1.051      ;
; 0.943 ; money_sum[2]                 ; current_state.DISPENSER      ; clk          ; clk         ; 0.000        ; 0.030      ; 1.057      ;
; 0.947 ; money_sum[0]                 ; money_sum[5]                 ; clk          ; clk         ; 0.000        ; 0.245      ; 1.276      ;
; 0.957 ; money_sum[1]                 ; current_state.DISPENSER      ; clk          ; clk         ; 0.000        ; 0.040      ; 1.081      ;
; 0.966 ; money_sum[0]                 ; current_state.RETURN_CHANGE  ; clk          ; clk         ; 0.000        ; 0.030      ; 1.080      ;
; 0.966 ; money_sum[0]                 ; money_sum[6]                 ; clk          ; clk         ; 0.000        ; 0.245      ; 1.295      ;
; 0.972 ; money_sum[0]                 ; current_state.DISPENSER      ; clk          ; clk         ; 0.000        ; 0.030      ; 1.086      ;
; 0.972 ; money_sum[1]                 ; current_state.RETURN_CHANGE  ; clk          ; clk         ; 0.000        ; 0.040      ; 1.096      ;
; 0.974 ; money_sum[2]                 ; money_sum[5]                 ; clk          ; clk         ; 0.000        ; 0.245      ; 1.303      ;
; 0.993 ; money_sum[2]                 ; money_sum[6]                 ; clk          ; clk         ; 0.000        ; 0.245      ; 1.322      ;
; 1.030 ; money_sum[5]                 ; money_sum[6]                 ; clk          ; clk         ; 0.000        ; 0.049      ; 1.163      ;
; 1.031 ; drink_cost[1]                ; current_state.RETURN_CHANGE  ; clk          ; clk         ; 0.000        ; 0.036      ; 1.151      ;
; 1.033 ; money_sum[2]                 ; money_sum[7]                 ; clk          ; clk         ; 0.000        ; 0.239      ; 1.356      ;
; 1.037 ; drink_cost[1]                ; current_state.DISPENSER      ; clk          ; clk         ; 0.000        ; 0.036      ; 1.157      ;
; 1.038 ; money_sum[3]                 ; money_sum[4]                 ; clk          ; clk         ; 0.000        ; 0.040      ; 1.162      ;
; 1.039 ; money_sum[1]                 ; money_sum[5]                 ; clk          ; clk         ; 0.000        ; 0.255      ; 1.378      ;
; 1.057 ; drink_cost[0]                ; current_state.RETURN_CHANGE  ; clk          ; clk         ; 0.000        ; 0.042      ; 1.183      ;
; 1.058 ; money_sum[1]                 ; money_sum[6]                 ; clk          ; clk         ; 0.000        ; 0.255      ; 1.397      ;
; 1.063 ; drink_cost[0]                ; current_state.DISPENSER      ; clk          ; clk         ; 0.000        ; 0.042      ; 1.189      ;
; 1.094 ; money_sum[0]                 ; money_sum[4]                 ; clk          ; clk         ; 0.000        ; 0.036      ; 1.214      ;
; 1.096 ; money_sum[6]                 ; money_sum[7]                 ; clk          ; clk         ; 0.000        ; 0.043      ; 1.223      ;
; 1.096 ; drink_cost[2]                ; current_state.RETURN_CHANGE  ; clk          ; clk         ; 0.000        ; 0.036      ; 1.216      ;
; 1.102 ; drink_cost[2]                ; current_state.DISPENSER      ; clk          ; clk         ; 0.000        ; 0.036      ; 1.222      ;
; 1.121 ; money_sum[2]                 ; money_sum[4]                 ; clk          ; clk         ; 0.000        ; 0.036      ; 1.241      ;
; 1.132 ; money_sum[1]                 ; money_sum[7]                 ; clk          ; clk         ; 0.000        ; 0.249      ; 1.465      ;
+-------+------------------------------+------------------------------+--------------+-------------+--------------+------------+------------+


----------------------------------------------
; Fast 1200mV 0C Model Metastability Summary ;
----------------------------------------------
No synchronizer chains to report.


+-------------------------------------------------------------------------------+
; Multicorner Timing Analysis Summary                                           ;
+------------------+---------+-------+----------+---------+---------------------+
; Clock            ; Setup   ; Hold  ; Recovery ; Removal ; Minimum Pulse Width ;
+------------------+---------+-------+----------+---------+---------------------+
; Worst-case Slack ; -3.291  ; 0.174 ; N/A      ; N/A     ; -3.000              ;
;  clk             ; -3.291  ; 0.174 ; N/A      ; N/A     ; -3.000              ;
; Design-wide TNS  ; -37.869 ; 0.0   ; 0.0      ; 0.0     ; -27.415             ;
;  clk             ; -37.869 ; 0.000 ; N/A      ; N/A     ; -27.415             ;
+------------------+---------+-------+----------+---------+---------------------+


+-------------------------------------------------------------------------------------------------------------------------------------------------------------------------------------------------------------------------------------------------------------------------------------------------------------------------------------------------------------------------------------------------------------------+
; Board Trace Model Assignments                                                                                                                                                                                                                                                                                                                                                                                     ;
+----------------+--------------+-------------------+-------------------------+-------------------------+---------------+---------------------+----------------+------------------+--------+------------------+------------------------+------------------------+--------------+---------------+-----------------+-------+---------------------+--------------------+---------------+-----------------+-------------+
; Pin            ; I/O Standard ; Near Tline Length ; Near Tline L per Length ; Near Tline C per Length ; Near Series R ; Near Differential R ; Near Pull-up R ; Near Pull-down R ; Near C ; Far Tline Length ; Far Tline L per Length ; Far Tline C per Length ; Far Series R ; Far Pull-up R ; Far Pull-down R ; Far C ; Termination Voltage ; Far Differential R ; EBD File Name ; EBD Signal Name ; EBD Far-end ;
+----------------+--------------+-------------------+-------------------------+-------------------------+---------------+---------------------+----------------+------------------+--------+------------------+------------------------+------------------------+--------------+---------------+-----------------+-------+---------------------+--------------------+---------------+-----------------+-------------+
; total_money[0] ; 2.5 V        ; 0 in              ; 0 H/in                  ; 0 F/in                  ; short         ; -                   ; open           ; open             ; open   ; 0 in             ; 0 H/in                 ; 0 F/in                 ; short        ; open          ; open            ; open  ; 0 V                 ; -                  ; n/a           ; n/a             ; n/a         ;
; total_money[1] ; 2.5 V        ; 0 in              ; 0 H/in                  ; 0 F/in                  ; short         ; -                   ; open           ; open             ; open   ; 0 in             ; 0 H/in                 ; 0 F/in                 ; short        ; open          ; open            ; open  ; 0 V                 ; -                  ; n/a           ; n/a             ; n/a         ;
; total_money[2] ; 2.5 V        ; 0 in              ; 0 H/in                  ; 0 F/in                  ; short         ; -                   ; open           ; open             ; open   ; 0 in             ; 0 H/in                 ; 0 F/in                 ; short        ; open          ; open            ; open  ; 0 V                 ; -                  ; n/a           ; n/a             ; n/a         ;
; total_money[3] ; 2.5 V        ; 0 in              ; 0 H/in                  ; 0 F/in                  ; short         ; -                   ; open           ; open             ; open   ; 0 in             ; 0 H/in                 ; 0 F/in                 ; short        ; open          ; open            ; open  ; 0 V                 ; -                  ; n/a           ; n/a             ; n/a         ;
; total_money[4] ; 2.5 V        ; 0 in              ; 0 H/in                  ; 0 F/in                  ; short         ; -                   ; open           ; open             ; open   ; 0 in             ; 0 H/in                 ; 0 F/in                 ; short        ; open          ; open            ; open  ; 0 V                 ; -                  ; n/a           ; n/a             ; n/a         ;
; total_money[5] ; 2.5 V        ; 0 in              ; 0 H/in                  ; 0 F/in                  ; short         ; -                   ; open           ; open             ; open   ; 0 in             ; 0 H/in                 ; 0 F/in                 ; short        ; open          ; open            ; open  ; 0 V                 ; -                  ; n/a           ; n/a             ; n/a         ;
; total_money[6] ; 2.5 V        ; 0 in              ; 0 H/in                  ; 0 F/in                  ; short         ; -                   ; open           ; open             ; open   ; 0 in             ; 0 H/in                 ; 0 F/in                 ; short        ; open          ; open            ; open  ; 0 V                 ; -                  ; n/a           ; n/a             ; n/a         ;
; total_money[7] ; 2.5 V        ; 0 in              ; 0 H/in                  ; 0 F/in                  ; short         ; -                   ; open           ; open             ; open   ; 0 in             ; 0 H/in                 ; 0 F/in                 ; short        ; open          ; open            ; open  ; 0 V                 ; -                  ; n/a           ; n/a             ; n/a         ;
; change[0]      ; 2.5 V        ; 0 in              ; 0 H/in                  ; 0 F/in                  ; short         ; -                   ; open           ; open             ; open   ; 0 in             ; 0 H/in                 ; 0 F/in                 ; short        ; open          ; open            ; open  ; 0 V                 ; -                  ; n/a           ; n/a             ; n/a         ;
; change[1]      ; 2.5 V        ; 0 in              ; 0 H/in                  ; 0 F/in                  ; short         ; -                   ; open           ; open             ; open   ; 0 in             ; 0 H/in                 ; 0 F/in                 ; short        ; open          ; open            ; open  ; 0 V                 ; -                  ; n/a           ; n/a             ; n/a         ;
; change[2]      ; 2.5 V        ; 0 in              ; 0 H/in                  ; 0 F/in                  ; short         ; -                   ; open           ; open             ; open   ; 0 in             ; 0 H/in                 ; 0 F/in                 ; short        ; open          ; open            ; open  ; 0 V                 ; -                  ; n/a           ; n/a             ; n/a         ;
; change[3]      ; 2.5 V        ; 0 in              ; 0 H/in                  ; 0 F/in                  ; short         ; -                   ; open           ; open             ; open   ; 0 in             ; 0 H/in                 ; 0 F/in                 ; short        ; open          ; open            ; open  ; 0 V                 ; -                  ; n/a           ; n/a             ; n/a         ;
; change[4]      ; 2.5 V        ; 0 in              ; 0 H/in                  ; 0 F/in                  ; short         ; -                   ; open           ; open             ; open   ; 0 in             ; 0 H/in                 ; 0 F/in                 ; short        ; open          ; open            ; open  ; 0 V                 ; -                  ; n/a           ; n/a             ; n/a         ;
; change[5]      ; 2.5 V        ; 0 in              ; 0 H/in                  ; 0 F/in                  ; short         ; -                   ; open           ; open             ; open   ; 0 in             ; 0 H/in                 ; 0 F/in                 ; short        ; open          ; open            ; open  ; 0 V                 ; -                  ; n/a           ; n/a             ; n/a         ;
; change[6]      ; 2.5 V        ; 0 in              ; 0 H/in                  ; 0 F/in                  ; short         ; -                   ; open           ; open             ; open   ; 0 in             ; 0 H/in                 ; 0 F/in                 ; short        ; open          ; open            ; open  ; 0 V                 ; -                  ; n/a           ; n/a             ; n/a         ;
; change[7]      ; 2.5 V        ; 0 in              ; 0 H/in                  ; 0 F/in                  ; short         ; -                   ; open           ; open             ; open   ; 0 in             ; 0 H/in                 ; 0 F/in                 ; short        ; open          ; open            ; open  ; 0 V                 ; -                  ; n/a           ; n/a             ; n/a         ;
; dispense[0]    ; 2.5 V        ; 0 in              ; 0 H/in                  ; 0 F/in                  ; short         ; -                   ; open           ; open             ; open   ; 0 in             ; 0 H/in                 ; 0 F/in                 ; short        ; open          ; open            ; open  ; 0 V                 ; -                  ; n/a           ; n/a             ; n/a         ;
; dispense[1]    ; 2.5 V        ; 0 in              ; 0 H/in                  ; 0 F/in                  ; short         ; -                   ; open           ; open             ; open   ; 0 in             ; 0 H/in                 ; 0 F/in                 ; short        ; open          ; open            ; open  ; 0 V                 ; -                  ; n/a           ; n/a             ; n/a         ;
; dispense[2]    ; 2.5 V        ; 0 in              ; 0 H/in                  ; 0 F/in                  ; short         ; -                   ; open           ; open             ; open   ; 0 in             ; 0 H/in                 ; 0 F/in                 ; short        ; open          ; open            ; open  ; 0 V                 ; -                  ; n/a           ; n/a             ; n/a         ;
; ~ALTERA_DCLK~  ; 2.5 V        ; 0 in              ; 0 H/in                  ; 0 F/in                  ; short         ; -                   ; open           ; open             ; open   ; 0 in             ; 0 H/in                 ; 0 F/in                 ; short        ; open          ; open            ; open  ; 0 V                 ; -                  ; n/a           ; n/a             ; n/a         ;
; ~ALTERA_nCEO~  ; 2.5 V        ; 0 in              ; 0 H/in                  ; 0 F/in                  ; short         ; -                   ; open           ; open             ; open   ; 0 in             ; 0 H/in                 ; 0 F/in                 ; short        ; open          ; open            ; open  ; 0 V                 ; -                  ; n/a           ; n/a             ; n/a         ;
+----------------+--------------+-------------------+-------------------------+-------------------------+---------------+---------------------+----------------+------------------+--------+------------------+------------------------+------------------------+--------------+---------------+-----------------+-------+---------------------+--------------------+---------------+-----------------+-------------+


+----------------------------------------------------------------------------+
; Input Transition Times                                                     ;
+-------------------------+--------------+-----------------+-----------------+
; Pin                     ; I/O Standard ; 10-90 Rise Time ; 90-10 Fall Time ;
+-------------------------+--------------+-----------------+-----------------+
; rs1                     ; 2.5 V        ; 2000 ps         ; 2000 ps         ;
; clk                     ; 2.5 V        ; 2000 ps         ; 2000 ps         ;
; reset                   ; 2.5 V        ; 2000 ps         ; 2000 ps         ;
; rs2                     ; 2.5 V        ; 2000 ps         ; 2000 ps         ;
; rs4                     ; 2.5 V        ; 2000 ps         ; 2000 ps         ;
; rs8                     ; 2.5 V        ; 2000 ps         ; 2000 ps         ;
; fanta                   ; 2.5 V        ; 2000 ps         ; 2000 ps         ;
; cola                    ; 2.5 V        ; 2000 ps         ; 2000 ps         ;
; sprite                  ; 2.5 V        ; 2000 ps         ; 2000 ps         ;
; enter                   ; 2.5 V        ; 2000 ps         ; 2000 ps         ;
; ~ALTERA_ASDO_DATA1~     ; 2.5 V        ; 2000 ps         ; 2000 ps         ;
; ~ALTERA_FLASH_nCE_nCSO~ ; 2.5 V        ; 2000 ps         ; 2000 ps         ;
; ~ALTERA_DATA0~          ; 2.5 V        ; 2000 ps         ; 2000 ps         ;
+-------------------------+--------------+-----------------+-----------------+


+---------------------------------------------------------------------------------------------------------------------------------------------------------------------------------------------------------------------------------------------------------------------------------------------------------------------------------------------------------------------------------------------------------------------------------------------------------------------------------------------------------------------------------------------------------------------------------------------------------------------------------------------------------------------------------------------+
; Signal Integrity Metrics (Slow 1200mv 0c Model)                                                                                                                                                                                                                                                                                                                                                                                                                                                                                                                                                                                                                                             ;
+----------------+--------------+---------------------+---------------------+------------------------------+------------------------------+---------------------+---------------------+--------------------------------------+--------------------------------------+-----------------------------+-----------------------------+----------------------------+----------------------------+-----------------------------+-----------------------------+--------------------+--------------------+-------------------------------------+-------------------------------------+----------------------------+----------------------------+---------------------------+---------------------------+
; Pin            ; I/O Standard ; Board Delay on Rise ; Board Delay on Fall ; Steady State Voh at FPGA Pin ; Steady State Vol at FPGA Pin ; Voh Max at FPGA Pin ; Vol Min at FPGA Pin ; Ringback Voltage on Rise at FPGA Pin ; Ringback Voltage on Fall at FPGA Pin ; 10-90 Rise Time at FPGA Pin ; 90-10 Fall Time at FPGA Pin ; Monotonic Rise at FPGA Pin ; Monotonic Fall at FPGA Pin ; Steady State Voh at Far-end ; Steady State Vol at Far-end ; Voh Max at Far-end ; Vol Min at Far-end ; Ringback Voltage on Rise at Far-end ; Ringback Voltage on Fall at Far-end ; 10-90 Rise Time at Far-end ; 90-10 Fall Time at Far-end ; Monotonic Rise at Far-end ; Monotonic Fall at Far-end ;
+----------------+--------------+---------------------+---------------------+------------------------------+------------------------------+---------------------+---------------------+--------------------------------------+--------------------------------------+-----------------------------+-----------------------------+----------------------------+----------------------------+-----------------------------+-----------------------------+--------------------+--------------------+-------------------------------------+-------------------------------------+----------------------------+----------------------------+---------------------------+---------------------------+
; total_money[0] ; 2.5 V        ; 0 s                 ; 0 s                 ; 2.32 V                       ; 4.49e-09 V                   ; 2.38 V              ; -0.00552 V          ; 0.096 V                              ; 0.019 V                              ; 4.18e-10 s                  ; 3.59e-10 s                  ; No                         ; Yes                        ; 2.32 V                      ; 4.49e-09 V                  ; 2.38 V             ; -0.00552 V         ; 0.096 V                             ; 0.019 V                             ; 4.18e-10 s                 ; 3.59e-10 s                 ; No                        ; Yes                       ;
; total_money[1] ; 2.5 V        ; 0 s                 ; 0 s                 ; 2.32 V                       ; 4.49e-09 V                   ; 2.38 V              ; -0.00552 V          ; 0.096 V                              ; 0.019 V                              ; 4.18e-10 s                  ; 3.59e-10 s                  ; No                         ; Yes                        ; 2.32 V                      ; 4.49e-09 V                  ; 2.38 V             ; -0.00552 V         ; 0.096 V                             ; 0.019 V                             ; 4.18e-10 s                 ; 3.59e-10 s                 ; No                        ; Yes                       ;
; total_money[2] ; 2.5 V        ; 0 s                 ; 0 s                 ; 2.32 V                       ; 4.49e-09 V                   ; 2.38 V              ; -0.00552 V          ; 0.096 V                              ; 0.019 V                              ; 4.18e-10 s                  ; 3.59e-10 s                  ; No                         ; Yes                        ; 2.32 V                      ; 4.49e-09 V                  ; 2.38 V             ; -0.00552 V         ; 0.096 V                             ; 0.019 V                             ; 4.18e-10 s                 ; 3.59e-10 s                 ; No                        ; Yes                       ;
; total_money[3] ; 2.5 V        ; 0 s                 ; 0 s                 ; 2.32 V                       ; 4.49e-09 V                   ; 2.38 V              ; -0.00552 V          ; 0.096 V                              ; 0.019 V                              ; 4.18e-10 s                  ; 3.59e-10 s                  ; No                         ; Yes                        ; 2.32 V                      ; 4.49e-09 V                  ; 2.38 V             ; -0.00552 V         ; 0.096 V                             ; 0.019 V                             ; 4.18e-10 s                 ; 3.59e-10 s                 ; No                        ; Yes                       ;
; total_money[4] ; 2.5 V        ; 0 s                 ; 0 s                 ; 2.32 V                       ; 4.49e-09 V                   ; 2.38 V              ; -0.00552 V          ; 0.096 V                              ; 0.019 V                              ; 4.18e-10 s                  ; 3.59e-10 s                  ; No                         ; Yes                        ; 2.32 V                      ; 4.49e-09 V                  ; 2.38 V             ; -0.00552 V         ; 0.096 V                             ; 0.019 V                             ; 4.18e-10 s                 ; 3.59e-10 s                 ; No                        ; Yes                       ;
; total_money[5] ; 2.5 V        ; 0 s                 ; 0 s                 ; 2.32 V                       ; 4.49e-09 V                   ; 2.38 V              ; -0.00552 V          ; 0.096 V                              ; 0.019 V                              ; 4.18e-10 s                  ; 3.59e-10 s                  ; No                         ; Yes                        ; 2.32 V                      ; 4.49e-09 V                  ; 2.38 V             ; -0.00552 V         ; 0.096 V                             ; 0.019 V                             ; 4.18e-10 s                 ; 3.59e-10 s                 ; No                        ; Yes                       ;
; total_money[6] ; 2.5 V        ; 0 s                 ; 0 s                 ; 2.32 V                       ; 4.49e-09 V                   ; 2.38 V              ; -0.00552 V          ; 0.096 V                              ; 0.019 V                              ; 4.18e-10 s                  ; 3.59e-10 s                  ; No                         ; Yes                        ; 2.32 V                      ; 4.49e-09 V                  ; 2.38 V             ; -0.00552 V         ; 0.096 V                             ; 0.019 V                             ; 4.18e-10 s                 ; 3.59e-10 s                 ; No                        ; Yes                       ;
; total_money[7] ; 2.5 V        ; 0 s                 ; 0 s                 ; 2.32 V                       ; 4.49e-09 V                   ; 2.38 V              ; -0.00552 V          ; 0.096 V                              ; 0.019 V                              ; 4.18e-10 s                  ; 3.59e-10 s                  ; No                         ; Yes                        ; 2.32 V                      ; 4.49e-09 V                  ; 2.38 V             ; -0.00552 V         ; 0.096 V                             ; 0.019 V                             ; 4.18e-10 s                 ; 3.59e-10 s                 ; No                        ; Yes                       ;
; change[0]      ; 2.5 V        ; 0 s                 ; 0 s                 ; 2.32 V                       ; 4.49e-09 V                   ; 2.38 V              ; -0.00552 V          ; 0.096 V                              ; 0.019 V                              ; 4.18e-10 s                  ; 3.59e-10 s                  ; No                         ; Yes                        ; 2.32 V                      ; 4.49e-09 V                  ; 2.38 V             ; -0.00552 V         ; 0.096 V                             ; 0.019 V                             ; 4.18e-10 s                 ; 3.59e-10 s                 ; No                        ; Yes                       ;
; change[1]      ; 2.5 V        ; 0 s                 ; 0 s                 ; 2.32 V                       ; 4.49e-09 V                   ; 2.33 V              ; -0.00467 V          ; 0.226 V                              ; 0.087 V                              ; 2.91e-09 s                  ; 2.74e-09 s                  ; Yes                        ; Yes                        ; 2.32 V                      ; 4.49e-09 V                  ; 2.33 V             ; -0.00467 V         ; 0.226 V                             ; 0.087 V                             ; 2.91e-09 s                 ; 2.74e-09 s                 ; Yes                       ; Yes                       ;
; change[2]      ; 2.5 V        ; 0 s                 ; 0 s                 ; 2.32 V                       ; 4.49e-09 V                   ; 2.38 V              ; -0.00552 V          ; 0.096 V                              ; 0.019 V                              ; 4.18e-10 s                  ; 3.59e-10 s                  ; No                         ; Yes                        ; 2.32 V                      ; 4.49e-09 V                  ; 2.38 V             ; -0.00552 V         ; 0.096 V                             ; 0.019 V                             ; 4.18e-10 s                 ; 3.59e-10 s                 ; No                        ; Yes                       ;
; change[3]      ; 2.5 V        ; 0 s                 ; 0 s                 ; 2.32 V                       ; 4.49e-09 V                   ; 2.38 V              ; -0.00552 V          ; 0.096 V                              ; 0.019 V                              ; 4.18e-10 s                  ; 3.59e-10 s                  ; No                         ; Yes                        ; 2.32 V                      ; 4.49e-09 V                  ; 2.38 V             ; -0.00552 V         ; 0.096 V                             ; 0.019 V                             ; 4.18e-10 s                 ; 3.59e-10 s                 ; No                        ; Yes                       ;
; change[4]      ; 2.5 V        ; 0 s                 ; 0 s                 ; 2.32 V                       ; 4.49e-09 V                   ; 2.38 V              ; -0.00552 V          ; 0.096 V                              ; 0.019 V                              ; 4.18e-10 s                  ; 3.59e-10 s                  ; No                         ; Yes                        ; 2.32 V                      ; 4.49e-09 V                  ; 2.38 V             ; -0.00552 V         ; 0.096 V                             ; 0.019 V                             ; 4.18e-10 s                 ; 3.59e-10 s                 ; No                        ; Yes                       ;
; change[5]      ; 2.5 V        ; 0 s                 ; 0 s                 ; 2.32 V                       ; 4.49e-09 V                   ; 2.38 V              ; -0.00552 V          ; 0.096 V                              ; 0.019 V                              ; 4.18e-10 s                  ; 3.59e-10 s                  ; No                         ; Yes                        ; 2.32 V                      ; 4.49e-09 V                  ; 2.38 V             ; -0.00552 V         ; 0.096 V                             ; 0.019 V                             ; 4.18e-10 s                 ; 3.59e-10 s                 ; No                        ; Yes                       ;
; change[6]      ; 2.5 V        ; 0 s                 ; 0 s                 ; 2.32 V                       ; 4.49e-09 V                   ; 2.38 V              ; -0.00552 V          ; 0.096 V                              ; 0.019 V                              ; 4.18e-10 s                  ; 3.59e-10 s                  ; No                         ; Yes                        ; 2.32 V                      ; 4.49e-09 V                  ; 2.38 V             ; -0.00552 V         ; 0.096 V                             ; 0.019 V                             ; 4.18e-10 s                 ; 3.59e-10 s                 ; No                        ; Yes                       ;
; change[7]      ; 2.5 V        ; 0 s                 ; 0 s                 ; 2.32 V                       ; 4.49e-09 V                   ; 2.38 V              ; -0.00552 V          ; 0.096 V                              ; 0.019 V                              ; 4.18e-10 s                  ; 3.59e-10 s                  ; No                         ; Yes                        ; 2.32 V                      ; 4.49e-09 V                  ; 2.38 V             ; -0.00552 V         ; 0.096 V                             ; 0.019 V                             ; 4.18e-10 s                 ; 3.59e-10 s                 ; No                        ; Yes                       ;
; dispense[0]    ; 2.5 V        ; 0 s                 ; 0 s                 ; 2.32 V                       ; 4.49e-09 V                   ; 2.38 V              ; -0.00552 V          ; 0.096 V                              ; 0.019 V                              ; 4.18e-10 s                  ; 3.59e-10 s                  ; No                         ; Yes                        ; 2.32 V                      ; 4.49e-09 V                  ; 2.38 V             ; -0.00552 V         ; 0.096 V                             ; 0.019 V                             ; 4.18e-10 s                 ; 3.59e-10 s                 ; No                        ; Yes                       ;
; dispense[1]    ; 2.5 V        ; 0 s                 ; 0 s                 ; 2.32 V                       ; 4.49e-09 V                   ; 2.38 V              ; -0.00552 V          ; 0.096 V                              ; 0.019 V                              ; 4.18e-10 s                  ; 3.59e-10 s                  ; No                         ; Yes                        ; 2.32 V                      ; 4.49e-09 V                  ; 2.38 V             ; -0.00552 V         ; 0.096 V                             ; 0.019 V                             ; 4.18e-10 s                 ; 3.59e-10 s                 ; No                        ; Yes                       ;
; dispense[2]    ; 2.5 V        ; 0 s                 ; 0 s                 ; 2.32 V                       ; 4.49e-09 V                   ; 2.38 V              ; -0.00552 V          ; 0.096 V                              ; 0.019 V                              ; 4.18e-10 s                  ; 3.59e-10 s                  ; No                         ; Yes                        ; 2.32 V                      ; 4.49e-09 V                  ; 2.38 V             ; -0.00552 V         ; 0.096 V                             ; 0.019 V                             ; 4.18e-10 s                 ; 3.59e-10 s                 ; No                        ; Yes                       ;
; ~ALTERA_DCLK~  ; 2.5 V        ; 0 s                 ; 0 s                 ; 2.32 V                       ; 2.67e-09 V                   ; 2.38 V              ; -0.0485 V           ; 0.167 V                              ; 0.096 V                              ; 2.95e-10 s                  ; 2.73e-10 s                  ; Yes                        ; Yes                        ; 2.32 V                      ; 2.67e-09 V                  ; 2.38 V             ; -0.0485 V          ; 0.167 V                             ; 0.096 V                             ; 2.95e-10 s                 ; 2.73e-10 s                 ; Yes                       ; Yes                       ;
; ~ALTERA_nCEO~  ; 2.5 V        ; 0 s                 ; 0 s                 ; 2.32 V                       ; 4.18e-09 V                   ; 2.38 V              ; -0.00483 V          ; 0.152 V                              ; 0.012 V                              ; 4.81e-10 s                  ; 6.29e-10 s                  ; Yes                        ; Yes                        ; 2.32 V                      ; 4.18e-09 V                  ; 2.38 V             ; -0.00483 V         ; 0.152 V                             ; 0.012 V                             ; 4.81e-10 s                 ; 6.29e-10 s                 ; Yes                       ; Yes                       ;
+----------------+--------------+---------------------+---------------------+------------------------------+------------------------------+---------------------+---------------------+--------------------------------------+--------------------------------------+-----------------------------+-----------------------------+----------------------------+----------------------------+-----------------------------+-----------------------------+--------------------+--------------------+-------------------------------------+-------------------------------------+----------------------------+----------------------------+---------------------------+---------------------------+


+---------------------------------------------------------------------------------------------------------------------------------------------------------------------------------------------------------------------------------------------------------------------------------------------------------------------------------------------------------------------------------------------------------------------------------------------------------------------------------------------------------------------------------------------------------------------------------------------------------------------------------------------------------------------------------------------+
; Signal Integrity Metrics (Slow 1200mv 85c Model)                                                                                                                                                                                                                                                                                                                                                                                                                                                                                                                                                                                                                                            ;
+----------------+--------------+---------------------+---------------------+------------------------------+------------------------------+---------------------+---------------------+--------------------------------------+--------------------------------------+-----------------------------+-----------------------------+----------------------------+----------------------------+-----------------------------+-----------------------------+--------------------+--------------------+-------------------------------------+-------------------------------------+----------------------------+----------------------------+---------------------------+---------------------------+
; Pin            ; I/O Standard ; Board Delay on Rise ; Board Delay on Fall ; Steady State Voh at FPGA Pin ; Steady State Vol at FPGA Pin ; Voh Max at FPGA Pin ; Vol Min at FPGA Pin ; Ringback Voltage on Rise at FPGA Pin ; Ringback Voltage on Fall at FPGA Pin ; 10-90 Rise Time at FPGA Pin ; 90-10 Fall Time at FPGA Pin ; Monotonic Rise at FPGA Pin ; Monotonic Fall at FPGA Pin ; Steady State Voh at Far-end ; Steady State Vol at Far-end ; Voh Max at Far-end ; Vol Min at Far-end ; Ringback Voltage on Rise at Far-end ; Ringback Voltage on Fall at Far-end ; 10-90 Rise Time at Far-end ; 90-10 Fall Time at Far-end ; Monotonic Rise at Far-end ; Monotonic Fall at Far-end ;
+----------------+--------------+---------------------+---------------------+------------------------------+------------------------------+---------------------+---------------------+--------------------------------------+--------------------------------------+-----------------------------+-----------------------------+----------------------------+----------------------------+-----------------------------+-----------------------------+--------------------+--------------------+-------------------------------------+-------------------------------------+----------------------------+----------------------------+---------------------------+---------------------------+
; total_money[0] ; 2.5 V        ; 0 s                 ; 0 s                 ; 2.32 V                       ; 6.92e-07 V                   ; 2.35 V              ; -0.00996 V          ; 0.121 V                              ; 0.03 V                               ; 4.64e-10 s                  ; 4.47e-10 s                  ; Yes                        ; Yes                        ; 2.32 V                      ; 6.92e-07 V                  ; 2.35 V             ; -0.00996 V         ; 0.121 V                             ; 0.03 V                              ; 4.64e-10 s                 ; 4.47e-10 s                 ; Yes                       ; Yes                       ;
; total_money[1] ; 2.5 V        ; 0 s                 ; 0 s                 ; 2.32 V                       ; 6.92e-07 V                   ; 2.35 V              ; -0.00996 V          ; 0.121 V                              ; 0.03 V                               ; 4.64e-10 s                  ; 4.47e-10 s                  ; Yes                        ; Yes                        ; 2.32 V                      ; 6.92e-07 V                  ; 2.35 V             ; -0.00996 V         ; 0.121 V                             ; 0.03 V                              ; 4.64e-10 s                 ; 4.47e-10 s                 ; Yes                       ; Yes                       ;
; total_money[2] ; 2.5 V        ; 0 s                 ; 0 s                 ; 2.32 V                       ; 6.92e-07 V                   ; 2.35 V              ; -0.00996 V          ; 0.121 V                              ; 0.03 V                               ; 4.64e-10 s                  ; 4.47e-10 s                  ; Yes                        ; Yes                        ; 2.32 V                      ; 6.92e-07 V                  ; 2.35 V             ; -0.00996 V         ; 0.121 V                             ; 0.03 V                              ; 4.64e-10 s                 ; 4.47e-10 s                 ; Yes                       ; Yes                       ;
; total_money[3] ; 2.5 V        ; 0 s                 ; 0 s                 ; 2.32 V                       ; 6.92e-07 V                   ; 2.35 V              ; -0.00996 V          ; 0.121 V                              ; 0.03 V                               ; 4.64e-10 s                  ; 4.47e-10 s                  ; Yes                        ; Yes                        ; 2.32 V                      ; 6.92e-07 V                  ; 2.35 V             ; -0.00996 V         ; 0.121 V                             ; 0.03 V                              ; 4.64e-10 s                 ; 4.47e-10 s                 ; Yes                       ; Yes                       ;
; total_money[4] ; 2.5 V        ; 0 s                 ; 0 s                 ; 2.32 V                       ; 6.92e-07 V                   ; 2.35 V              ; -0.00996 V          ; 0.121 V                              ; 0.03 V                               ; 4.64e-10 s                  ; 4.47e-10 s                  ; Yes                        ; Yes                        ; 2.32 V                      ; 6.92e-07 V                  ; 2.35 V             ; -0.00996 V         ; 0.121 V                             ; 0.03 V                              ; 4.64e-10 s                 ; 4.47e-10 s                 ; Yes                       ; Yes                       ;
; total_money[5] ; 2.5 V        ; 0 s                 ; 0 s                 ; 2.32 V                       ; 6.92e-07 V                   ; 2.35 V              ; -0.00996 V          ; 0.121 V                              ; 0.03 V                               ; 4.64e-10 s                  ; 4.47e-10 s                  ; Yes                        ; Yes                        ; 2.32 V                      ; 6.92e-07 V                  ; 2.35 V             ; -0.00996 V         ; 0.121 V                             ; 0.03 V                              ; 4.64e-10 s                 ; 4.47e-10 s                 ; Yes                       ; Yes                       ;
; total_money[6] ; 2.5 V        ; 0 s                 ; 0 s                 ; 2.32 V                       ; 6.92e-07 V                   ; 2.35 V              ; -0.00996 V          ; 0.121 V                              ; 0.03 V                               ; 4.64e-10 s                  ; 4.47e-10 s                  ; Yes                        ; Yes                        ; 2.32 V                      ; 6.92e-07 V                  ; 2.35 V             ; -0.00996 V         ; 0.121 V                             ; 0.03 V                              ; 4.64e-10 s                 ; 4.47e-10 s                 ; Yes                       ; Yes                       ;
; total_money[7] ; 2.5 V        ; 0 s                 ; 0 s                 ; 2.32 V                       ; 6.92e-07 V                   ; 2.35 V              ; -0.00996 V          ; 0.121 V                              ; 0.03 V                               ; 4.64e-10 s                  ; 4.47e-10 s                  ; Yes                        ; Yes                        ; 2.32 V                      ; 6.92e-07 V                  ; 2.35 V             ; -0.00996 V         ; 0.121 V                             ; 0.03 V                              ; 4.64e-10 s                 ; 4.47e-10 s                 ; Yes                       ; Yes                       ;
; change[0]      ; 2.5 V        ; 0 s                 ; 0 s                 ; 2.32 V                       ; 6.92e-07 V                   ; 2.35 V              ; -0.00996 V          ; 0.121 V                              ; 0.03 V                               ; 4.64e-10 s                  ; 4.47e-10 s                  ; Yes                        ; Yes                        ; 2.32 V                      ; 6.92e-07 V                  ; 2.35 V             ; -0.00996 V         ; 0.121 V                             ; 0.03 V                              ; 4.64e-10 s                 ; 4.47e-10 s                 ; Yes                       ; Yes                       ;
; change[1]      ; 2.5 V        ; 0 s                 ; 0 s                 ; 2.32 V                       ; 6.92e-07 V                   ; 2.33 V              ; -0.00265 V          ; 0.133 V                              ; 0.056 V                              ; 3.55e-09 s                  ; 3.31e-09 s                  ; Yes                        ; Yes                        ; 2.32 V                      ; 6.92e-07 V                  ; 2.33 V             ; -0.00265 V         ; 0.133 V                             ; 0.056 V                             ; 3.55e-09 s                 ; 3.31e-09 s                 ; Yes                       ; Yes                       ;
; change[2]      ; 2.5 V        ; 0 s                 ; 0 s                 ; 2.32 V                       ; 6.92e-07 V                   ; 2.35 V              ; -0.00996 V          ; 0.121 V                              ; 0.03 V                               ; 4.64e-10 s                  ; 4.47e-10 s                  ; Yes                        ; Yes                        ; 2.32 V                      ; 6.92e-07 V                  ; 2.35 V             ; -0.00996 V         ; 0.121 V                             ; 0.03 V                              ; 4.64e-10 s                 ; 4.47e-10 s                 ; Yes                       ; Yes                       ;
; change[3]      ; 2.5 V        ; 0 s                 ; 0 s                 ; 2.32 V                       ; 6.92e-07 V                   ; 2.35 V              ; -0.00996 V          ; 0.121 V                              ; 0.03 V                               ; 4.64e-10 s                  ; 4.47e-10 s                  ; Yes                        ; Yes                        ; 2.32 V                      ; 6.92e-07 V                  ; 2.35 V             ; -0.00996 V         ; 0.121 V                             ; 0.03 V                              ; 4.64e-10 s                 ; 4.47e-10 s                 ; Yes                       ; Yes                       ;
; change[4]      ; 2.5 V        ; 0 s                 ; 0 s                 ; 2.32 V                       ; 6.92e-07 V                   ; 2.35 V              ; -0.00996 V          ; 0.121 V                              ; 0.03 V                               ; 4.64e-10 s                  ; 4.47e-10 s                  ; Yes                        ; Yes                        ; 2.32 V                      ; 6.92e-07 V                  ; 2.35 V             ; -0.00996 V         ; 0.121 V                             ; 0.03 V                              ; 4.64e-10 s                 ; 4.47e-10 s                 ; Yes                       ; Yes                       ;
; change[5]      ; 2.5 V        ; 0 s                 ; 0 s                 ; 2.32 V                       ; 6.92e-07 V                   ; 2.35 V              ; -0.00996 V          ; 0.121 V                              ; 0.03 V                               ; 4.64e-10 s                  ; 4.47e-10 s                  ; Yes                        ; Yes                        ; 2.32 V                      ; 6.92e-07 V                  ; 2.35 V             ; -0.00996 V         ; 0.121 V                             ; 0.03 V                              ; 4.64e-10 s                 ; 4.47e-10 s                 ; Yes                       ; Yes                       ;
; change[6]      ; 2.5 V        ; 0 s                 ; 0 s                 ; 2.32 V                       ; 6.92e-07 V                   ; 2.35 V              ; -0.00996 V          ; 0.121 V                              ; 0.03 V                               ; 4.64e-10 s                  ; 4.47e-10 s                  ; Yes                        ; Yes                        ; 2.32 V                      ; 6.92e-07 V                  ; 2.35 V             ; -0.00996 V         ; 0.121 V                             ; 0.03 V                              ; 4.64e-10 s                 ; 4.47e-10 s                 ; Yes                       ; Yes                       ;
; change[7]      ; 2.5 V        ; 0 s                 ; 0 s                 ; 2.32 V                       ; 6.92e-07 V                   ; 2.35 V              ; -0.00996 V          ; 0.121 V                              ; 0.03 V                               ; 4.64e-10 s                  ; 4.47e-10 s                  ; Yes                        ; Yes                        ; 2.32 V                      ; 6.92e-07 V                  ; 2.35 V             ; -0.00996 V         ; 0.121 V                             ; 0.03 V                              ; 4.64e-10 s                 ; 4.47e-10 s                 ; Yes                       ; Yes                       ;
; dispense[0]    ; 2.5 V        ; 0 s                 ; 0 s                 ; 2.32 V                       ; 6.92e-07 V                   ; 2.35 V              ; -0.00996 V          ; 0.121 V                              ; 0.03 V                               ; 4.64e-10 s                  ; 4.47e-10 s                  ; Yes                        ; Yes                        ; 2.32 V                      ; 6.92e-07 V                  ; 2.35 V             ; -0.00996 V         ; 0.121 V                             ; 0.03 V                              ; 4.64e-10 s                 ; 4.47e-10 s                 ; Yes                       ; Yes                       ;
; dispense[1]    ; 2.5 V        ; 0 s                 ; 0 s                 ; 2.32 V                       ; 6.92e-07 V                   ; 2.35 V              ; -0.00996 V          ; 0.121 V                              ; 0.03 V                               ; 4.64e-10 s                  ; 4.47e-10 s                  ; Yes                        ; Yes                        ; 2.32 V                      ; 6.92e-07 V                  ; 2.35 V             ; -0.00996 V         ; 0.121 V                             ; 0.03 V                              ; 4.64e-10 s                 ; 4.47e-10 s                 ; Yes                       ; Yes                       ;
; dispense[2]    ; 2.5 V        ; 0 s                 ; 0 s                 ; 2.32 V                       ; 6.92e-07 V                   ; 2.35 V              ; -0.00996 V          ; 0.121 V                              ; 0.03 V                               ; 4.64e-10 s                  ; 4.47e-10 s                  ; Yes                        ; Yes                        ; 2.32 V                      ; 6.92e-07 V                  ; 2.35 V             ; -0.00996 V         ; 0.121 V                             ; 0.03 V                              ; 4.64e-10 s                 ; 4.47e-10 s                 ; Yes                       ; Yes                       ;
; ~ALTERA_DCLK~  ; 2.5 V        ; 0 s                 ; 0 s                 ; 2.32 V                       ; 3.75e-07 V                   ; 2.35 V              ; -0.0109 V           ; 0.084 V                              ; 0.027 V                              ; 4.31e-10 s                  ; 3.61e-10 s                  ; Yes                        ; Yes                        ; 2.32 V                      ; 3.75e-07 V                  ; 2.35 V             ; -0.0109 V          ; 0.084 V                             ; 0.027 V                             ; 4.31e-10 s                 ; 3.61e-10 s                 ; Yes                       ; Yes                       ;
; ~ALTERA_nCEO~  ; 2.5 V        ; 0 s                 ; 0 s                 ; 2.32 V                       ; 6.15e-07 V                   ; 2.35 V              ; -0.00712 V          ; 0.093 V                              ; 0.02 V                               ; 6.21e-10 s                  ; 7.9e-10 s                   ; Yes                        ; Yes                        ; 2.32 V                      ; 6.15e-07 V                  ; 2.35 V             ; -0.00712 V         ; 0.093 V                             ; 0.02 V                              ; 6.21e-10 s                 ; 7.9e-10 s                  ; Yes                       ; Yes                       ;
+----------------+--------------+---------------------+---------------------+------------------------------+------------------------------+---------------------+---------------------+--------------------------------------+--------------------------------------+-----------------------------+-----------------------------+----------------------------+----------------------------+-----------------------------+-----------------------------+--------------------+--------------------+-------------------------------------+-------------------------------------+----------------------------+----------------------------+---------------------------+---------------------------+


+---------------------------------------------------------------------------------------------------------------------------------------------------------------------------------------------------------------------------------------------------------------------------------------------------------------------------------------------------------------------------------------------------------------------------------------------------------------------------------------------------------------------------------------------------------------------------------------------------------------------------------------------------------------------------------------------+
; Signal Integrity Metrics (Fast 1200mv 0c Model)                                                                                                                                                                                                                                                                                                                                                                                                                                                                                                                                                                                                                                             ;
+----------------+--------------+---------------------+---------------------+------------------------------+------------------------------+---------------------+---------------------+--------------------------------------+--------------------------------------+-----------------------------+-----------------------------+----------------------------+----------------------------+-----------------------------+-----------------------------+--------------------+--------------------+-------------------------------------+-------------------------------------+----------------------------+----------------------------+---------------------------+---------------------------+
; Pin            ; I/O Standard ; Board Delay on Rise ; Board Delay on Fall ; Steady State Voh at FPGA Pin ; Steady State Vol at FPGA Pin ; Voh Max at FPGA Pin ; Vol Min at FPGA Pin ; Ringback Voltage on Rise at FPGA Pin ; Ringback Voltage on Fall at FPGA Pin ; 10-90 Rise Time at FPGA Pin ; 90-10 Fall Time at FPGA Pin ; Monotonic Rise at FPGA Pin ; Monotonic Fall at FPGA Pin ; Steady State Voh at Far-end ; Steady State Vol at Far-end ; Voh Max at Far-end ; Vol Min at Far-end ; Ringback Voltage on Rise at Far-end ; Ringback Voltage on Fall at Far-end ; 10-90 Rise Time at Far-end ; 90-10 Fall Time at Far-end ; Monotonic Rise at Far-end ; Monotonic Fall at Far-end ;
+----------------+--------------+---------------------+---------------------+------------------------------+------------------------------+---------------------+---------------------+--------------------------------------+--------------------------------------+-----------------------------+-----------------------------+----------------------------+----------------------------+-----------------------------+-----------------------------+--------------------+--------------------+-------------------------------------+-------------------------------------+----------------------------+----------------------------+---------------------------+---------------------------+
; total_money[0] ; 2.5 V        ; 0 s                 ; 0 s                 ; 2.62 V                       ; 4.05e-08 V                   ; 2.72 V              ; -0.0349 V           ; 0.173 V                              ; 0.1 V                                ; 2.72e-10 s                  ; 2.69e-10 s                  ; Yes                        ; Yes                        ; 2.62 V                      ; 4.05e-08 V                  ; 2.72 V             ; -0.0349 V          ; 0.173 V                             ; 0.1 V                               ; 2.72e-10 s                 ; 2.69e-10 s                 ; Yes                       ; Yes                       ;
; total_money[1] ; 2.5 V        ; 0 s                 ; 0 s                 ; 2.62 V                       ; 4.05e-08 V                   ; 2.72 V              ; -0.0349 V           ; 0.173 V                              ; 0.1 V                                ; 2.72e-10 s                  ; 2.69e-10 s                  ; Yes                        ; Yes                        ; 2.62 V                      ; 4.05e-08 V                  ; 2.72 V             ; -0.0349 V          ; 0.173 V                             ; 0.1 V                               ; 2.72e-10 s                 ; 2.69e-10 s                 ; Yes                       ; Yes                       ;
; total_money[2] ; 2.5 V        ; 0 s                 ; 0 s                 ; 2.62 V                       ; 4.05e-08 V                   ; 2.72 V              ; -0.0349 V           ; 0.173 V                              ; 0.1 V                                ; 2.72e-10 s                  ; 2.69e-10 s                  ; Yes                        ; Yes                        ; 2.62 V                      ; 4.05e-08 V                  ; 2.72 V             ; -0.0349 V          ; 0.173 V                             ; 0.1 V                               ; 2.72e-10 s                 ; 2.69e-10 s                 ; Yes                       ; Yes                       ;
; total_money[3] ; 2.5 V        ; 0 s                 ; 0 s                 ; 2.62 V                       ; 4.05e-08 V                   ; 2.72 V              ; -0.0349 V           ; 0.173 V                              ; 0.1 V                                ; 2.72e-10 s                  ; 2.69e-10 s                  ; Yes                        ; Yes                        ; 2.62 V                      ; 4.05e-08 V                  ; 2.72 V             ; -0.0349 V          ; 0.173 V                             ; 0.1 V                               ; 2.72e-10 s                 ; 2.69e-10 s                 ; Yes                       ; Yes                       ;
; total_money[4] ; 2.5 V        ; 0 s                 ; 0 s                 ; 2.62 V                       ; 4.05e-08 V                   ; 2.72 V              ; -0.0349 V           ; 0.173 V                              ; 0.1 V                                ; 2.72e-10 s                  ; 2.69e-10 s                  ; Yes                        ; Yes                        ; 2.62 V                      ; 4.05e-08 V                  ; 2.72 V             ; -0.0349 V          ; 0.173 V                             ; 0.1 V                               ; 2.72e-10 s                 ; 2.69e-10 s                 ; Yes                       ; Yes                       ;
; total_money[5] ; 2.5 V        ; 0 s                 ; 0 s                 ; 2.62 V                       ; 4.05e-08 V                   ; 2.72 V              ; -0.0349 V           ; 0.173 V                              ; 0.1 V                                ; 2.72e-10 s                  ; 2.69e-10 s                  ; Yes                        ; Yes                        ; 2.62 V                      ; 4.05e-08 V                  ; 2.72 V             ; -0.0349 V          ; 0.173 V                             ; 0.1 V                               ; 2.72e-10 s                 ; 2.69e-10 s                 ; Yes                       ; Yes                       ;
; total_money[6] ; 2.5 V        ; 0 s                 ; 0 s                 ; 2.62 V                       ; 4.05e-08 V                   ; 2.72 V              ; -0.0349 V           ; 0.173 V                              ; 0.1 V                                ; 2.72e-10 s                  ; 2.69e-10 s                  ; Yes                        ; Yes                        ; 2.62 V                      ; 4.05e-08 V                  ; 2.72 V             ; -0.0349 V          ; 0.173 V                             ; 0.1 V                               ; 2.72e-10 s                 ; 2.69e-10 s                 ; Yes                       ; Yes                       ;
; total_money[7] ; 2.5 V        ; 0 s                 ; 0 s                 ; 2.62 V                       ; 4.05e-08 V                   ; 2.72 V              ; -0.0349 V           ; 0.173 V                              ; 0.1 V                                ; 2.72e-10 s                  ; 2.69e-10 s                  ; Yes                        ; Yes                        ; 2.62 V                      ; 4.05e-08 V                  ; 2.72 V             ; -0.0349 V          ; 0.173 V                             ; 0.1 V                               ; 2.72e-10 s                 ; 2.69e-10 s                 ; Yes                       ; Yes                       ;
; change[0]      ; 2.5 V        ; 0 s                 ; 0 s                 ; 2.62 V                       ; 4.05e-08 V                   ; 2.72 V              ; -0.0349 V           ; 0.173 V                              ; 0.1 V                                ; 2.72e-10 s                  ; 2.69e-10 s                  ; Yes                        ; Yes                        ; 2.62 V                      ; 4.05e-08 V                  ; 2.72 V             ; -0.0349 V          ; 0.173 V                             ; 0.1 V                               ; 2.72e-10 s                 ; 2.69e-10 s                 ; Yes                       ; Yes                       ;
; change[1]      ; 2.5 V        ; 0 s                 ; 0 s                 ; 2.62 V                       ; 4.05e-08 V                   ; 2.64 V              ; -0.0113 V           ; 0.208 V                              ; 0.179 V                              ; 2.38e-09 s                  ; 2.23e-09 s                  ; No                         ; Yes                        ; 2.62 V                      ; 4.05e-08 V                  ; 2.64 V             ; -0.0113 V          ; 0.208 V                             ; 0.179 V                             ; 2.38e-09 s                 ; 2.23e-09 s                 ; No                        ; Yes                       ;
; change[2]      ; 2.5 V        ; 0 s                 ; 0 s                 ; 2.62 V                       ; 4.05e-08 V                   ; 2.72 V              ; -0.0349 V           ; 0.173 V                              ; 0.1 V                                ; 2.72e-10 s                  ; 2.69e-10 s                  ; Yes                        ; Yes                        ; 2.62 V                      ; 4.05e-08 V                  ; 2.72 V             ; -0.0349 V          ; 0.173 V                             ; 0.1 V                               ; 2.72e-10 s                 ; 2.69e-10 s                 ; Yes                       ; Yes                       ;
; change[3]      ; 2.5 V        ; 0 s                 ; 0 s                 ; 2.62 V                       ; 4.05e-08 V                   ; 2.72 V              ; -0.0349 V           ; 0.173 V                              ; 0.1 V                                ; 2.72e-10 s                  ; 2.69e-10 s                  ; Yes                        ; Yes                        ; 2.62 V                      ; 4.05e-08 V                  ; 2.72 V             ; -0.0349 V          ; 0.173 V                             ; 0.1 V                               ; 2.72e-10 s                 ; 2.69e-10 s                 ; Yes                       ; Yes                       ;
; change[4]      ; 2.5 V        ; 0 s                 ; 0 s                 ; 2.62 V                       ; 4.05e-08 V                   ; 2.72 V              ; -0.0349 V           ; 0.173 V                              ; 0.1 V                                ; 2.72e-10 s                  ; 2.69e-10 s                  ; Yes                        ; Yes                        ; 2.62 V                      ; 4.05e-08 V                  ; 2.72 V             ; -0.0349 V          ; 0.173 V                             ; 0.1 V                               ; 2.72e-10 s                 ; 2.69e-10 s                 ; Yes                       ; Yes                       ;
; change[5]      ; 2.5 V        ; 0 s                 ; 0 s                 ; 2.62 V                       ; 4.05e-08 V                   ; 2.72 V              ; -0.0349 V           ; 0.173 V                              ; 0.1 V                                ; 2.72e-10 s                  ; 2.69e-10 s                  ; Yes                        ; Yes                        ; 2.62 V                      ; 4.05e-08 V                  ; 2.72 V             ; -0.0349 V          ; 0.173 V                             ; 0.1 V                               ; 2.72e-10 s                 ; 2.69e-10 s                 ; Yes                       ; Yes                       ;
; change[6]      ; 2.5 V        ; 0 s                 ; 0 s                 ; 2.62 V                       ; 4.05e-08 V                   ; 2.72 V              ; -0.0349 V           ; 0.173 V                              ; 0.1 V                                ; 2.72e-10 s                  ; 2.69e-10 s                  ; Yes                        ; Yes                        ; 2.62 V                      ; 4.05e-08 V                  ; 2.72 V             ; -0.0349 V          ; 0.173 V                             ; 0.1 V                               ; 2.72e-10 s                 ; 2.69e-10 s                 ; Yes                       ; Yes                       ;
; change[7]      ; 2.5 V        ; 0 s                 ; 0 s                 ; 2.62 V                       ; 4.05e-08 V                   ; 2.72 V              ; -0.0349 V           ; 0.173 V                              ; 0.1 V                                ; 2.72e-10 s                  ; 2.69e-10 s                  ; Yes                        ; Yes                        ; 2.62 V                      ; 4.05e-08 V                  ; 2.72 V             ; -0.0349 V          ; 0.173 V                             ; 0.1 V                               ; 2.72e-10 s                 ; 2.69e-10 s                 ; Yes                       ; Yes                       ;
; dispense[0]    ; 2.5 V        ; 0 s                 ; 0 s                 ; 2.62 V                       ; 4.05e-08 V                   ; 2.72 V              ; -0.0349 V           ; 0.173 V                              ; 0.1 V                                ; 2.72e-10 s                  ; 2.69e-10 s                  ; Yes                        ; Yes                        ; 2.62 V                      ; 4.05e-08 V                  ; 2.72 V             ; -0.0349 V          ; 0.173 V                             ; 0.1 V                               ; 2.72e-10 s                 ; 2.69e-10 s                 ; Yes                       ; Yes                       ;
; dispense[1]    ; 2.5 V        ; 0 s                 ; 0 s                 ; 2.62 V                       ; 4.05e-08 V                   ; 2.72 V              ; -0.0349 V           ; 0.173 V                              ; 0.1 V                                ; 2.72e-10 s                  ; 2.69e-10 s                  ; Yes                        ; Yes                        ; 2.62 V                      ; 4.05e-08 V                  ; 2.72 V             ; -0.0349 V          ; 0.173 V                             ; 0.1 V                               ; 2.72e-10 s                 ; 2.69e-10 s                 ; Yes                       ; Yes                       ;
; dispense[2]    ; 2.5 V        ; 0 s                 ; 0 s                 ; 2.62 V                       ; 4.05e-08 V                   ; 2.72 V              ; -0.0349 V           ; 0.173 V                              ; 0.1 V                                ; 2.72e-10 s                  ; 2.69e-10 s                  ; Yes                        ; Yes                        ; 2.62 V                      ; 4.05e-08 V                  ; 2.72 V             ; -0.0349 V          ; 0.173 V                             ; 0.1 V                               ; 2.72e-10 s                 ; 2.69e-10 s                 ; Yes                       ; Yes                       ;
; ~ALTERA_DCLK~  ; 2.5 V        ; 0 s                 ; 0 s                 ; 2.62 V                       ; 2.22e-08 V                   ; 2.74 V              ; -0.06 V             ; 0.158 V                              ; 0.08 V                               ; 2.68e-10 s                  ; 2.19e-10 s                  ; Yes                        ; Yes                        ; 2.62 V                      ; 2.22e-08 V                  ; 2.74 V             ; -0.06 V            ; 0.158 V                             ; 0.08 V                              ; 2.68e-10 s                 ; 2.19e-10 s                 ; Yes                       ; Yes                       ;
; ~ALTERA_nCEO~  ; 2.5 V        ; 0 s                 ; 0 s                 ; 2.62 V                       ; 3.54e-08 V                   ; 2.7 V               ; -0.00943 V          ; 0.276 V                              ; 0.035 V                              ; 3.19e-10 s                  ; 4.99e-10 s                  ; No                         ; Yes                        ; 2.62 V                      ; 3.54e-08 V                  ; 2.7 V              ; -0.00943 V         ; 0.276 V                             ; 0.035 V                             ; 3.19e-10 s                 ; 4.99e-10 s                 ; No                        ; Yes                       ;
+----------------+--------------+---------------------+---------------------+------------------------------+------------------------------+---------------------+---------------------+--------------------------------------+--------------------------------------+-----------------------------+-----------------------------+----------------------------+----------------------------+-----------------------------+-----------------------------+--------------------+--------------------+-------------------------------------+-------------------------------------+----------------------------+----------------------------+---------------------------+---------------------------+


+-------------------------------------------------------------------+
; Setup Transfers                                                   ;
+------------+----------+----------+----------+----------+----------+
; From Clock ; To Clock ; RR Paths ; FR Paths ; RF Paths ; FF Paths ;
+------------+----------+----------+----------+----------+----------+
; clk        ; clk      ; 322      ; 0        ; 0        ; 0        ;
+------------+----------+----------+----------+----------+----------+
Entries labeled "false path" only account for clock-to-clock false paths and not path-based false paths. As a result, actual path counts may be lower than reported.


+-------------------------------------------------------------------+
; Hold Transfers                                                    ;
+------------+----------+----------+----------+----------+----------+
; From Clock ; To Clock ; RR Paths ; FR Paths ; RF Paths ; FF Paths ;
+------------+----------+----------+----------+----------+----------+
; clk        ; clk      ; 322      ; 0        ; 0        ; 0        ;
+------------+----------+----------+----------+----------+----------+
Entries labeled "false path" only account for clock-to-clock false paths and not path-based false paths. As a result, actual path counts may be lower than reported.


---------------
; Report TCCS ;
---------------
No dedicated SERDES Transmitter circuitry present in device or used in design


---------------
; Report RSKM ;
---------------
No non-DPA dedicated SERDES Receiver circuitry present in device or used in design


+------------------------------------------------+
; Unconstrained Paths Summary                    ;
+---------------------------------+-------+------+
; Property                        ; Setup ; Hold ;
+---------------------------------+-------+------+
; Illegal Clocks                  ; 0     ; 0    ;
; Unconstrained Clocks            ; 0     ; 0    ;
; Unconstrained Input Ports       ; 9     ; 9    ;
; Unconstrained Input Port Paths  ; 95    ; 95   ;
; Unconstrained Output Ports      ; 19    ; 19   ;
; Unconstrained Output Port Paths ; 92    ; 92   ;
+---------------------------------+-------+------+


+-------------------------------------+
; Clock Status Summary                ;
+--------+-------+------+-------------+
; Target ; Clock ; Type ; Status      ;
+--------+-------+------+-------------+
; clk    ; clk   ; Base ; Constrained ;
+--------+-------+------+-------------+


+---------------------------------------------------------------------------------------------------+
; Unconstrained Input Ports                                                                         ;
+------------+--------------------------------------------------------------------------------------+
; Input Port ; Comment                                                                              ;
+------------+--------------------------------------------------------------------------------------+
; cola       ; No input delay, min/max delays, false-path exceptions, or max skew assignments found ;
; enter      ; No input delay, min/max delays, false-path exceptions, or max skew assignments found ;
; fanta      ; No input delay, min/max delays, false-path exceptions, or max skew assignments found ;
; reset      ; No input delay, min/max delays, false-path exceptions, or max skew assignments found ;
; rs1        ; No input delay, min/max delays, false-path exceptions, or max skew assignments found ;
; rs2        ; No input delay, min/max delays, false-path exceptions, or max skew assignments found ;
; rs4        ; No input delay, min/max delays, false-path exceptions, or max skew assignments found ;
; rs8        ; No input delay, min/max delays, false-path exceptions, or max skew assignments found ;
; sprite     ; No input delay, min/max delays, false-path exceptions, or max skew assignments found ;
+------------+--------------------------------------------------------------------------------------+


+--------------------------------------------------------------------------------------------------------+
; Unconstrained Output Ports                                                                             ;
+----------------+---------------------------------------------------------------------------------------+
; Output Port    ; Comment                                                                               ;
+----------------+---------------------------------------------------------------------------------------+
; change[0]      ; No output delay, min/max delays, false-path exceptions, or max skew assignments found ;
; change[1]      ; No output delay, min/max delays, false-path exceptions, or max skew assignments found ;
; change[2]      ; No output delay, min/max delays, false-path exceptions, or max skew assignments found ;
; change[3]      ; No output delay, min/max delays, false-path exceptions, or max skew assignments found ;
; change[4]      ; No output delay, min/max delays, false-path exceptions, or max skew assignments found ;
; change[5]      ; No output delay, min/max delays, false-path exceptions, or max skew assignments found ;
; change[6]      ; No output delay, min/max delays, false-path exceptions, or max skew assignments found ;
; change[7]      ; No output delay, min/max delays, false-path exceptions, or max skew assignments found ;
; dispense[0]    ; No output delay, min/max delays, false-path exceptions, or max skew assignments found ;
; dispense[1]    ; No output delay, min/max delays, false-path exceptions, or max skew assignments found ;
; dispense[2]    ; No output delay, min/max delays, false-path exceptions, or max skew assignments found ;
; total_money[0] ; No output delay, min/max delays, false-path exceptions, or max skew assignments found ;
; total_money[1] ; No output delay, min/max delays, false-path exceptions, or max skew assignments found ;
; total_money[2] ; No output delay, min/max delays, false-path exceptions, or max skew assignments found ;
; total_money[3] ; No output delay, min/max delays, false-path exceptions, or max skew assignments found ;
; total_money[4] ; No output delay, min/max delays, false-path exceptions, or max skew assignments found ;
; total_money[5] ; No output delay, min/max delays, false-path exceptions, or max skew assignments found ;
; total_money[6] ; No output delay, min/max delays, false-path exceptions, or max skew assignments found ;
; total_money[7] ; No output delay, min/max delays, false-path exceptions, or max skew assignments found ;
+----------------+---------------------------------------------------------------------------------------+


+---------------------------------------------------------------------------------------------------+
; Unconstrained Input Ports                                                                         ;
+------------+--------------------------------------------------------------------------------------+
; Input Port ; Comment                                                                              ;
+------------+--------------------------------------------------------------------------------------+
; cola       ; No input delay, min/max delays, false-path exceptions, or max skew assignments found ;
; enter      ; No input delay, min/max delays, false-path exceptions, or max skew assignments found ;
; fanta      ; No input delay, min/max delays, false-path exceptions, or max skew assignments found ;
; reset      ; No input delay, min/max delays, false-path exceptions, or max skew assignments found ;
; rs1        ; No input delay, min/max delays, false-path exceptions, or max skew assignments found ;
; rs2        ; No input delay, min/max delays, false-path exceptions, or max skew assignments found ;
; rs4        ; No input delay, min/max delays, false-path exceptions, or max skew assignments found ;
; rs8        ; No input delay, min/max delays, false-path exceptions, or max skew assignments found ;
; sprite     ; No input delay, min/max delays, false-path exceptions, or max skew assignments found ;
+------------+--------------------------------------------------------------------------------------+


+--------------------------------------------------------------------------------------------------------+
; Unconstrained Output Ports                                                                             ;
+----------------+---------------------------------------------------------------------------------------+
; Output Port    ; Comment                                                                               ;
+----------------+---------------------------------------------------------------------------------------+
; change[0]      ; No output delay, min/max delays, false-path exceptions, or max skew assignments found ;
; change[1]      ; No output delay, min/max delays, false-path exceptions, or max skew assignments found ;
; change[2]      ; No output delay, min/max delays, false-path exceptions, or max skew assignments found ;
; change[3]      ; No output delay, min/max delays, false-path exceptions, or max skew assignments found ;
; change[4]      ; No output delay, min/max delays, false-path exceptions, or max skew assignments found ;
; change[5]      ; No output delay, min/max delays, false-path exceptions, or max skew assignments found ;
; change[6]      ; No output delay, min/max delays, false-path exceptions, or max skew assignments found ;
; change[7]      ; No output delay, min/max delays, false-path exceptions, or max skew assignments found ;
; dispense[0]    ; No output delay, min/max delays, false-path exceptions, or max skew assignments found ;
; dispense[1]    ; No output delay, min/max delays, false-path exceptions, or max skew assignments found ;
; dispense[2]    ; No output delay, min/max delays, false-path exceptions, or max skew assignments found ;
; total_money[0] ; No output delay, min/max delays, false-path exceptions, or max skew assignments found ;
; total_money[1] ; No output delay, min/max delays, false-path exceptions, or max skew assignments found ;
; total_money[2] ; No output delay, min/max delays, false-path exceptions, or max skew assignments found ;
; total_money[3] ; No output delay, min/max delays, false-path exceptions, or max skew assignments found ;
; total_money[4] ; No output delay, min/max delays, false-path exceptions, or max skew assignments found ;
; total_money[5] ; No output delay, min/max delays, false-path exceptions, or max skew assignments found ;
; total_money[6] ; No output delay, min/max delays, false-path exceptions, or max skew assignments found ;
; total_money[7] ; No output delay, min/max delays, false-path exceptions, or max skew assignments found ;
+----------------+---------------------------------------------------------------------------------------+


+--------------------------+
; Timing Analyzer Messages ;
+--------------------------+
Info: *******************************************************************
Info: Running Quartus Prime Timing Analyzer
    Info: Version 23.1std.1 Build 993 05/14/2024 SC Lite Edition
    Info: Processing started: Fri Oct 10 12:45:07 2025
Info: Command: quartus_sta VendingMachine -c VendingMachine
Info: qsta_default_script.tcl version: #1
Warning (18236): Number of processors has not been specified which may cause overloading on shared machines.  Set the global assignment NUM_PARALLEL_PROCESSORS in your QSF to an appropriate value for best performance.
Info (20030): Parallel compilation is enabled and will use 4 of the 4 processors detected
Info (21077): Low junction temperature is 0 degrees C
Info (21077): High junction temperature is 85 degrees C
Critical Warning (332012): Synopsys Design Constraints File file not found: 'VendingMachine.sdc'. A Synopsys Design Constraints File is required by the Timing Analyzer to get proper timing constraints. Without it, the Compiler will not properly optimize the design.
Info (332142): No user constrained base clocks found in the design. Calling "derive_clocks -period 1.0"
Info (332105): Deriving Clocks
    Info (332105): create_clock -period 1.000 -name clk clk
Info (332143): No user constrained clock uncertainty found in the design. Calling "derive_clock_uncertainty"
Info (332123): Deriving Clock Uncertainty. Please refer to report_sdc in the Timing Analyzer to see clock uncertainties.
Info: Found TIMING_ANALYZER_REPORT_SCRIPT_INCLUDE_DEFAULT_ANALYSIS = ON
Info: Analyzing Slow 1200mV 85C Model
Critical Warning (332148): Timing requirements not met
    Info (11105): For recommendations on closing timing, run Report Timing Closure Recommendations in the Timing Analyzer.
Info (332146): Worst-case setup slack is -3.291
    Info (332119):     Slack       End Point TNS Clock 
    Info (332119): ========= =================== =====================
    Info (332119):    -3.291             -37.869 clk 
Info (332146): Worst-case hold slack is 0.386
    Info (332119):     Slack       End Point TNS Clock 
    Info (332119): ========= =================== =====================
    Info (332119):     0.386               0.000 clk 
Info (332140): No Recovery paths to report
Info (332140): No Removal paths to report
Info (332146): Worst-case minimum pulse width slack is -3.000
    Info (332119):     Slack       End Point TNS Clock 
    Info (332119): ========= =================== =====================
    Info (332119):    -3.000             -27.415 clk 
Info: Analyzing Slow 1200mV 0C Model
Info (334003): Started post-fitting delay annotation
Info (334004): Delay annotation completed successfully
Info (332123): Deriving Clock Uncertainty. Please refer to report_sdc in the Timing Analyzer to see clock uncertainties.
Critical Warning (332148): Timing requirements not met
    Info (11105): For recommendations on closing timing, run Report Timing Closure Recommendations in the Timing Analyzer.
Info (332146): Worst-case setup slack is -2.916
    Info (332119):     Slack       End Point TNS Clock 
    Info (332119): ========= =================== =====================
    Info (332119):    -2.916             -32.787 clk 
Info (332146): Worst-case hold slack is 0.338
    Info (332119):     Slack       End Point TNS Clock 
    Info (332119): ========= =================== =====================
    Info (332119):     0.338               0.000 clk 
Info (332140): No Recovery paths to report
Info (332140): No Removal paths to report
Info (332146): Worst-case minimum pulse width slack is -3.000
    Info (332119):     Slack       End Point TNS Clock 
    Info (332119): ========= =================== =====================
    Info (332119):    -3.000             -27.415 clk 
Info: Analyzing Fast 1200mV 0C Model
Info (332123): Deriving Clock Uncertainty. Please refer to report_sdc in the Timing Analyzer to see clock uncertainties.
Critical Warning (332148): Timing requirements not met
    Info (11105): For recommendations on closing timing, run Report Timing Closure Recommendations in the Timing Analyzer.
Info (332146): Worst-case setup slack is -1.096
    Info (332119):     Slack       End Point TNS Clock 
    Info (332119): ========= =================== =====================
    Info (332119):    -1.096              -9.041 clk 
Info (332146): Worst-case hold slack is 0.174
    Info (332119):     Slack       End Point TNS Clock 
    Info (332119): ========= =================== =====================
    Info (332119):     0.174               0.000 clk 
Info (332140): No Recovery paths to report
Info (332140): No Removal paths to report
Info (332146): Worst-case minimum pulse width slack is -3.000
    Info (332119):     Slack       End Point TNS Clock 
    Info (332119): ========= =================== =====================
    Info (332119):    -3.000             -23.265 clk 
Info (332102): Design is not fully constrained for setup requirements
Info (332102): Design is not fully constrained for hold requirements
Info: Quartus Prime Timing Analyzer was successful. 0 errors, 5 warnings
    Info: Peak virtual memory: 4881 megabytes
    Info: Processing ended: Fri Oct 10 12:45:09 2025
    Info: Elapsed time: 00:00:02
    Info: Total CPU time (on all processors): 00:00:02


