Timing Analyzer report for binary_divider
Fri Dec 19 11:54:39 2025
Quartus Prime Version 24.1std.0 Build 1077 03/04/2025 SC Lite Edition


---------------------
; Table of Contents ;
---------------------
  1. Legal Notice
  2. Timing Analyzer Summary
  3. Parallel Compilation
  4. Clocks
  5. Slow 1200mV 85C Model Fmax Summary
  6. Timing Closure Recommendations
  7. Slow 1200mV 85C Model Setup Summary
  8. Slow 1200mV 85C Model Hold Summary
  9. Slow 1200mV 85C Model Recovery Summary
 10. Slow 1200mV 85C Model Removal Summary
 11. Slow 1200mV 85C Model Minimum Pulse Width Summary
 12. Slow 1200mV 85C Model Setup: 'clk'
 13. Slow 1200mV 85C Model Hold: 'clk'
 14. Slow 1200mV 85C Model Metastability Summary
 15. Slow 1200mV 0C Model Fmax Summary
 16. Slow 1200mV 0C Model Setup Summary
 17. Slow 1200mV 0C Model Hold Summary
 18. Slow 1200mV 0C Model Recovery Summary
 19. Slow 1200mV 0C Model Removal Summary
 20. Slow 1200mV 0C Model Minimum Pulse Width Summary
 21. Slow 1200mV 0C Model Setup: 'clk'
 22. Slow 1200mV 0C Model Hold: 'clk'
 23. Slow 1200mV 0C Model Metastability Summary
 24. Fast 1200mV 0C Model Setup Summary
 25. Fast 1200mV 0C Model Hold Summary
 26. Fast 1200mV 0C Model Recovery Summary
 27. Fast 1200mV 0C Model Removal Summary
 28. Fast 1200mV 0C Model Minimum Pulse Width Summary
 29. Fast 1200mV 0C Model Setup: 'clk'
 30. Fast 1200mV 0C Model Hold: 'clk'
 31. Fast 1200mV 0C Model Metastability Summary
 32. Multicorner Timing Analysis Summary
 33. Board Trace Model Assignments
 34. Input Transition Times
 35. Signal Integrity Metrics (Slow 1200mv 0c Model)
 36. Signal Integrity Metrics (Slow 1200mv 85c Model)
 37. Signal Integrity Metrics (Fast 1200mv 0c Model)
 38. Setup Transfers
 39. Hold Transfers
 40. Report TCCS
 41. Report RSKM
 42. Unconstrained Paths Summary
 43. Clock Status Summary
 44. Unconstrained Input Ports
 45. Unconstrained Output Ports
 46. Unconstrained Input Ports
 47. Unconstrained Output Ports
 48. Timing Analyzer Messages



----------------
; Legal Notice ;
----------------
Copyright (C) 2025  Altera Corporation. All rights reserved.
Your use of Altera Corporation's design tools, logic functions 
and other software and tools, and any partner logic 
functions, and any output files from any of the foregoing 
(including device programming or simulation files), and any 
associated documentation or information are expressly subject 
to the terms and conditions of the Altera Program License 
Subscription Agreement, the Altera Quartus Prime License Agreement,
the Altera IP License Agreement, or other applicable license
agreement, including, without limitation, that your use is for
the sole purpose of programming logic devices manufactured by
Altera and sold by Altera or its authorized distributors.  Please
refer to the Altera Software License Subscription Agreements 
on the Quartus Prime software download page.



+---------------------------------------------------------------------------------+
; Timing Analyzer Summary                                                         ;
+-----------------------+---------------------------------------------------------+
; Quartus Prime Version ; Version 24.1std.0 Build 1077 03/04/2025 SC Lite Edition ;
; Timing Analyzer       ; Legacy Timing Analyzer                                  ;
; Revision Name         ; binary_divider                                          ;
; Device Family         ; Cyclone IV E                                            ;
; Device Name           ; EP4CE115F29C7                                           ;
; Timing Models         ; Final                                                   ;
; Delay Model           ; Combined                                                ;
; Rise/Fall Delays      ; Enabled                                                 ;
+-----------------------+---------------------------------------------------------+


+------------------------------------------+
; Parallel Compilation                     ;
+----------------------------+-------------+
; Processors                 ; Number      ;
+----------------------------+-------------+
; Number detected on machine ; 12          ;
; Maximum allowed            ; 8           ;
;                            ;             ;
; Average used               ; 1.02        ;
; Maximum used               ; 8           ;
;                            ;             ;
; Usage by Processor         ; % Time Used ;
;     Processor 1            ; 100.0%      ;
;     Processors 2-8         ;   0.3%      ;
+----------------------------+-------------+


+---------------------------------------------------------------------------------------------------------------------------------------------------------------------------------+
; Clocks                                                                                                                                                                          ;
+------------+------+--------+------------+-------+-------+------------+-----------+-------------+-------+--------+-----------+------------+----------+--------+--------+---------+
; Clock Name ; Type ; Period ; Frequency  ; Rise  ; Fall  ; Duty Cycle ; Divide by ; Multiply by ; Phase ; Offset ; Edge List ; Edge Shift ; Inverted ; Master ; Source ; Targets ;
+------------+------+--------+------------+-------+-------+------------+-----------+-------------+-------+--------+-----------+------------+----------+--------+--------+---------+
; clk        ; Base ; 1.000  ; 1000.0 MHz ; 0.000 ; 0.500 ;            ;           ;             ;       ;        ;           ;            ;          ;        ;        ; { clk } ;
+------------+------+--------+------------+-------+-------+------------+-----------+-------------+-------+--------+-----------+------------+----------+--------+--------+---------+


+-----------------------------------------------------------------------------------------------------------+
; Slow 1200mV 85C Model Fmax Summary                                                                        ;
+------------+-----------------+------------+---------------------------------------------------------------+
; Fmax       ; Restricted Fmax ; Clock Name ; Note                                                          ;
+------------+-----------------+------------+---------------------------------------------------------------+
; 267.88 MHz ; 250.0 MHz       ; clk        ; limit due to minimum period restriction (max I/O toggle rate) ;
+------------+-----------------+------------+---------------------------------------------------------------+
This panel reports FMAX for every clock in the design, regardless of the user-specified clock periods.  FMAX is only computed for paths where the source and destination registers or ports are driven by the same clock.  Paths of different clocks, including generated clocks, are ignored.  For paths between a clock and its inversion, FMAX is computed as if the rising and falling edges are scaled along with FMAX, such that the duty cycle (in terms of a percentage) is maintained. Altera recommends that you always use clock constraints and other slack reports for sign-off analysis.


----------------------------------
; Timing Closure Recommendations ;
----------------------------------
HTML report is unavailable in plain text report export.


+-------------------------------------+
; Slow 1200mV 85C Model Setup Summary ;
+-------+--------+--------------------+
; Clock ; Slack  ; End Point TNS      ;
+-------+--------+--------------------+
; clk   ; -2.733 ; -50.033            ;
+-------+--------+--------------------+


+------------------------------------+
; Slow 1200mV 85C Model Hold Summary ;
+-------+-------+--------------------+
; Clock ; Slack ; End Point TNS      ;
+-------+-------+--------------------+
; clk   ; 0.402 ; 0.000              ;
+-------+-------+--------------------+


------------------------------------------
; Slow 1200mV 85C Model Recovery Summary ;
------------------------------------------
No paths to report.


-----------------------------------------
; Slow 1200mV 85C Model Removal Summary ;
-----------------------------------------
No paths to report.


+---------------------------------------------------+
; Slow 1200mV 85C Model Minimum Pulse Width Summary ;
+-------+--------+----------------------------------+
; Clock ; Slack  ; End Point TNS                    ;
+-------+--------+----------------------------------+
; clk   ; -3.000 ; -51.830                          ;
+-------+--------+----------------------------------+


+-----------------------------------------------------------------------------------------------------+
; Slow 1200mV 85C Model Setup: 'clk'                                                                  ;
+--------+-----------+----------+--------------+-------------+--------------+------------+------------+
; Slack  ; From Node ; To Node  ; Launch Clock ; Latch Clock ; Relationship ; Clock Skew ; Data Delay ;
+--------+-----------+----------+--------------+-------------+--------------+------------+------------+
; -2.733 ; sor[0]    ; ender[4] ; clk          ; clk         ; 1.000        ; -0.081     ; 3.650      ;
; -2.733 ; sor[0]    ; ender[5] ; clk          ; clk         ; 1.000        ; -0.081     ; 3.650      ;
; -2.733 ; sor[0]    ; ender[6] ; clk          ; clk         ; 1.000        ; -0.081     ; 3.650      ;
; -2.684 ; sor[0]    ; ender[0] ; clk          ; clk         ; 1.000        ; -0.081     ; 3.601      ;
; -2.684 ; sor[0]    ; ender[1] ; clk          ; clk         ; 1.000        ; -0.081     ; 3.601      ;
; -2.684 ; sor[0]    ; ender[2] ; clk          ; clk         ; 1.000        ; -0.081     ; 3.601      ;
; -2.684 ; sor[0]    ; ender[3] ; clk          ; clk         ; 1.000        ; -0.081     ; 3.601      ;
; -2.677 ; ender[0]  ; ender[4] ; clk          ; clk         ; 1.000        ; -0.081     ; 3.594      ;
; -2.677 ; ender[0]  ; ender[5] ; clk          ; clk         ; 1.000        ; -0.081     ; 3.594      ;
; -2.677 ; ender[0]  ; ender[6] ; clk          ; clk         ; 1.000        ; -0.081     ; 3.594      ;
; -2.664 ; ender[2]  ; ender[4] ; clk          ; clk         ; 1.000        ; -0.081     ; 3.581      ;
; -2.664 ; ender[2]  ; ender[5] ; clk          ; clk         ; 1.000        ; -0.081     ; 3.581      ;
; -2.664 ; ender[2]  ; ender[6] ; clk          ; clk         ; 1.000        ; -0.081     ; 3.581      ;
; -2.636 ; sor[1]    ; ender[4] ; clk          ; clk         ; 1.000        ; -0.081     ; 3.553      ;
; -2.636 ; sor[1]    ; ender[5] ; clk          ; clk         ; 1.000        ; -0.081     ; 3.553      ;
; -2.636 ; sor[1]    ; ender[6] ; clk          ; clk         ; 1.000        ; -0.081     ; 3.553      ;
; -2.628 ; ender[0]  ; ender[0] ; clk          ; clk         ; 1.000        ; -0.081     ; 3.545      ;
; -2.628 ; ender[0]  ; ender[1] ; clk          ; clk         ; 1.000        ; -0.081     ; 3.545      ;
; -2.628 ; ender[0]  ; ender[2] ; clk          ; clk         ; 1.000        ; -0.081     ; 3.545      ;
; -2.628 ; ender[0]  ; ender[3] ; clk          ; clk         ; 1.000        ; -0.081     ; 3.545      ;
; -2.615 ; ender[2]  ; ender[0] ; clk          ; clk         ; 1.000        ; -0.081     ; 3.532      ;
; -2.615 ; ender[2]  ; ender[1] ; clk          ; clk         ; 1.000        ; -0.081     ; 3.532      ;
; -2.615 ; ender[2]  ; ender[2] ; clk          ; clk         ; 1.000        ; -0.081     ; 3.532      ;
; -2.615 ; ender[2]  ; ender[3] ; clk          ; clk         ; 1.000        ; -0.081     ; 3.532      ;
; -2.605 ; sor[2]    ; ender[4] ; clk          ; clk         ; 1.000        ; -0.081     ; 3.522      ;
; -2.605 ; sor[2]    ; ender[5] ; clk          ; clk         ; 1.000        ; -0.081     ; 3.522      ;
; -2.605 ; sor[2]    ; ender[6] ; clk          ; clk         ; 1.000        ; -0.081     ; 3.522      ;
; -2.599 ; sor[1]    ; ender[0] ; clk          ; clk         ; 1.000        ; -0.081     ; 3.516      ;
; -2.599 ; sor[1]    ; ender[1] ; clk          ; clk         ; 1.000        ; -0.081     ; 3.516      ;
; -2.599 ; sor[1]    ; ender[2] ; clk          ; clk         ; 1.000        ; -0.081     ; 3.516      ;
; -2.599 ; sor[1]    ; ender[3] ; clk          ; clk         ; 1.000        ; -0.081     ; 3.516      ;
; -2.564 ; sor[6]    ; ender[4] ; clk          ; clk         ; 1.000        ; -0.081     ; 3.481      ;
; -2.564 ; sor[6]    ; ender[5] ; clk          ; clk         ; 1.000        ; -0.081     ; 3.481      ;
; -2.564 ; sor[6]    ; ender[6] ; clk          ; clk         ; 1.000        ; -0.081     ; 3.481      ;
; -2.556 ; sor[2]    ; ender[0] ; clk          ; clk         ; 1.000        ; -0.081     ; 3.473      ;
; -2.556 ; sor[2]    ; ender[1] ; clk          ; clk         ; 1.000        ; -0.081     ; 3.473      ;
; -2.556 ; sor[2]    ; ender[2] ; clk          ; clk         ; 1.000        ; -0.081     ; 3.473      ;
; -2.556 ; sor[2]    ; ender[3] ; clk          ; clk         ; 1.000        ; -0.081     ; 3.473      ;
; -2.515 ; sor[6]    ; ender[0] ; clk          ; clk         ; 1.000        ; -0.081     ; 3.432      ;
; -2.515 ; sor[6]    ; ender[1] ; clk          ; clk         ; 1.000        ; -0.081     ; 3.432      ;
; -2.515 ; sor[6]    ; ender[2] ; clk          ; clk         ; 1.000        ; -0.081     ; 3.432      ;
; -2.515 ; sor[6]    ; ender[3] ; clk          ; clk         ; 1.000        ; -0.081     ; 3.432      ;
; -2.501 ; sor[3]    ; ender[4] ; clk          ; clk         ; 1.000        ; -0.081     ; 3.418      ;
; -2.501 ; sor[3]    ; ender[5] ; clk          ; clk         ; 1.000        ; -0.081     ; 3.418      ;
; -2.501 ; sor[3]    ; ender[6] ; clk          ; clk         ; 1.000        ; -0.081     ; 3.418      ;
; -2.482 ; ender[1]  ; ender[2] ; clk          ; clk         ; 1.000        ; -0.081     ; 3.399      ;
; -2.479 ; sor[0]    ; ender[7] ; clk          ; clk         ; 1.000        ; 0.303      ; 3.780      ;
; -2.464 ; sor[3]    ; ender[0] ; clk          ; clk         ; 1.000        ; -0.081     ; 3.381      ;
; -2.464 ; sor[3]    ; ender[1] ; clk          ; clk         ; 1.000        ; -0.081     ; 3.381      ;
; -2.464 ; sor[3]    ; ender[2] ; clk          ; clk         ; 1.000        ; -0.081     ; 3.381      ;
; -2.464 ; sor[3]    ; ender[3] ; clk          ; clk         ; 1.000        ; -0.081     ; 3.381      ;
; -2.437 ; ender[1]  ; ender[4] ; clk          ; clk         ; 1.000        ; -0.081     ; 3.354      ;
; -2.437 ; ender[1]  ; ender[5] ; clk          ; clk         ; 1.000        ; -0.081     ; 3.354      ;
; -2.437 ; ender[1]  ; ender[6] ; clk          ; clk         ; 1.000        ; -0.081     ; 3.354      ;
; -2.423 ; ender[0]  ; ender[7] ; clk          ; clk         ; 1.000        ; 0.303      ; 3.724      ;
; -2.419 ; sor[1]    ; ender[7] ; clk          ; clk         ; 1.000        ; 0.303      ; 3.720      ;
; -2.410 ; ender[2]  ; ender[7] ; clk          ; clk         ; 1.000        ; 0.303      ; 3.711      ;
; -2.409 ; sor[4]    ; ender[4] ; clk          ; clk         ; 1.000        ; -0.081     ; 3.326      ;
; -2.409 ; sor[4]    ; ender[5] ; clk          ; clk         ; 1.000        ; -0.081     ; 3.326      ;
; -2.409 ; sor[4]    ; ender[6] ; clk          ; clk         ; 1.000        ; -0.081     ; 3.326      ;
; -2.400 ; sor[5]    ; ender[4] ; clk          ; clk         ; 1.000        ; -0.081     ; 3.317      ;
; -2.400 ; sor[5]    ; ender[5] ; clk          ; clk         ; 1.000        ; -0.081     ; 3.317      ;
; -2.400 ; sor[5]    ; ender[6] ; clk          ; clk         ; 1.000        ; -0.081     ; 3.317      ;
; -2.390 ; ender[4]  ; ender[4] ; clk          ; clk         ; 1.000        ; -0.081     ; 3.307      ;
; -2.390 ; ender[4]  ; ender[5] ; clk          ; clk         ; 1.000        ; -0.081     ; 3.307      ;
; -2.390 ; ender[4]  ; ender[6] ; clk          ; clk         ; 1.000        ; -0.081     ; 3.307      ;
; -2.388 ; ender[1]  ; ender[0] ; clk          ; clk         ; 1.000        ; -0.081     ; 3.305      ;
; -2.388 ; ender[1]  ; ender[1] ; clk          ; clk         ; 1.000        ; -0.081     ; 3.305      ;
; -2.388 ; ender[1]  ; ender[3] ; clk          ; clk         ; 1.000        ; -0.081     ; 3.305      ;
; -2.363 ; sor[5]    ; ender[0] ; clk          ; clk         ; 1.000        ; -0.081     ; 3.280      ;
; -2.363 ; sor[5]    ; ender[1] ; clk          ; clk         ; 1.000        ; -0.081     ; 3.280      ;
; -2.363 ; sor[5]    ; ender[2] ; clk          ; clk         ; 1.000        ; -0.081     ; 3.280      ;
; -2.363 ; sor[5]    ; ender[3] ; clk          ; clk         ; 1.000        ; -0.081     ; 3.280      ;
; -2.360 ; sor[4]    ; ender[0] ; clk          ; clk         ; 1.000        ; -0.081     ; 3.277      ;
; -2.360 ; sor[4]    ; ender[1] ; clk          ; clk         ; 1.000        ; -0.081     ; 3.277      ;
; -2.360 ; sor[4]    ; ender[2] ; clk          ; clk         ; 1.000        ; -0.081     ; 3.277      ;
; -2.360 ; sor[4]    ; ender[3] ; clk          ; clk         ; 1.000        ; -0.081     ; 3.277      ;
; -2.351 ; sor[2]    ; ender[7] ; clk          ; clk         ; 1.000        ; 0.303      ; 3.652      ;
; -2.341 ; ender[4]  ; ender[0] ; clk          ; clk         ; 1.000        ; -0.081     ; 3.258      ;
; -2.341 ; ender[4]  ; ender[1] ; clk          ; clk         ; 1.000        ; -0.081     ; 3.258      ;
; -2.341 ; ender[4]  ; ender[2] ; clk          ; clk         ; 1.000        ; -0.081     ; 3.258      ;
; -2.341 ; ender[4]  ; ender[3] ; clk          ; clk         ; 1.000        ; -0.081     ; 3.258      ;
; -2.310 ; sor[6]    ; ender[7] ; clk          ; clk         ; 1.000        ; 0.303      ; 3.611      ;
; -2.305 ; ender[3]  ; ender[4] ; clk          ; clk         ; 1.000        ; -0.081     ; 3.222      ;
; -2.305 ; ender[3]  ; ender[5] ; clk          ; clk         ; 1.000        ; -0.081     ; 3.222      ;
; -2.305 ; ender[3]  ; ender[6] ; clk          ; clk         ; 1.000        ; -0.081     ; 3.222      ;
; -2.284 ; sor[3]    ; ender[7] ; clk          ; clk         ; 1.000        ; 0.303      ; 3.585      ;
; -2.259 ; ender[6]  ; ender[4] ; clk          ; clk         ; 1.000        ; -0.081     ; 3.176      ;
; -2.259 ; ender[6]  ; ender[5] ; clk          ; clk         ; 1.000        ; -0.081     ; 3.176      ;
; -2.259 ; ender[6]  ; ender[6] ; clk          ; clk         ; 1.000        ; -0.081     ; 3.176      ;
; -2.256 ; ender[3]  ; ender[0] ; clk          ; clk         ; 1.000        ; -0.081     ; 3.173      ;
; -2.256 ; ender[3]  ; ender[1] ; clk          ; clk         ; 1.000        ; -0.081     ; 3.173      ;
; -2.256 ; ender[3]  ; ender[2] ; clk          ; clk         ; 1.000        ; -0.081     ; 3.173      ;
; -2.256 ; ender[3]  ; ender[3] ; clk          ; clk         ; 1.000        ; -0.081     ; 3.173      ;
; -2.210 ; ender[6]  ; ender[0] ; clk          ; clk         ; 1.000        ; -0.081     ; 3.127      ;
; -2.210 ; ender[6]  ; ender[1] ; clk          ; clk         ; 1.000        ; -0.081     ; 3.127      ;
; -2.210 ; ender[6]  ; ender[2] ; clk          ; clk         ; 1.000        ; -0.081     ; 3.127      ;
; -2.210 ; ender[6]  ; ender[3] ; clk          ; clk         ; 1.000        ; -0.081     ; 3.127      ;
; -2.183 ; ender[1]  ; ender[7] ; clk          ; clk         ; 1.000        ; 0.303      ; 3.484      ;
; -2.183 ; sor[5]    ; ender[7] ; clk          ; clk         ; 1.000        ; 0.303      ; 3.484      ;
+--------+-----------+----------+--------------+-------------+--------------+------------+------------+


+-----------------------------------------------------------------------------------------------------------------------------------+
; Slow 1200mV 85C Model Hold: 'clk'                                                                                                 ;
+-------+--------------------------+--------------------------+--------------+-------------+--------------+------------+------------+
; Slack ; From Node                ; To Node                  ; Launch Clock ; Latch Clock ; Relationship ; Clock Skew ; Data Delay ;
+-------+--------------------------+--------------------------+--------------+-------------+--------------+------------+------------+
; 0.402 ; current_state.IDLE       ; current_state.IDLE       ; clk          ; clk         ; 0.000        ; 0.081      ; 0.669      ;
; 0.402 ; counter[1]               ; counter[1]               ; clk          ; clk         ; 0.000        ; 0.081      ; 0.669      ;
; 0.402 ; counter[0]               ; counter[0]               ; clk          ; clk         ; 0.000        ; 0.081      ; 0.669      ;
; 0.402 ; counter[2]               ; counter[2]               ; clk          ; clk         ; 0.000        ; 0.081      ; 0.669      ;
; 0.421 ; quotient_reg[2]          ; quotient_reg[1]          ; clk          ; clk         ; 0.000        ; 0.097      ; 0.704      ;
; 0.421 ; quotient_reg[3]          ; quotient_reg[2]          ; clk          ; clk         ; 0.000        ; 0.097      ; 0.704      ;
; 0.422 ; quotient_reg[1]          ; quotient_reg[0]          ; clk          ; clk         ; 0.000        ; 0.097      ; 0.705      ;
; 0.473 ; counter[1]               ; current_state.DONE_STATE ; clk          ; clk         ; 0.000        ; 0.081      ; 0.740      ;
; 0.579 ; current_state.SUBTRACT   ; quotient_reg[0]          ; clk          ; clk         ; 0.000        ; 0.481      ; 1.246      ;
; 0.580 ; sor[3]                   ; sor[2]                   ; clk          ; clk         ; 0.000        ; 0.081      ; 0.847      ;
; 0.581 ; current_state.SUBTRACT   ; quotient_reg[2]          ; clk          ; clk         ; 0.000        ; 0.481      ; 1.248      ;
; 0.582 ; current_state.SUBTRACT   ; quotient_reg[3]          ; clk          ; clk         ; 0.000        ; 0.481      ; 1.249      ;
; 0.583 ; current_state.SUBTRACT   ; quotient_reg[1]          ; clk          ; clk         ; 0.000        ; 0.481      ; 1.250      ;
; 0.625 ; current_state.DONE_STATE ; done~reg0                ; clk          ; clk         ; 0.000        ; 0.081      ; 0.892      ;
; 0.641 ; current_state.SUBTRACT   ; ender[7]                 ; clk          ; clk         ; 0.000        ; 0.482      ; 1.309      ;
; 0.665 ; sor[1]                   ; sor[0]                   ; clk          ; clk         ; 0.000        ; 0.081      ; 0.932      ;
; 0.666 ; sor[7]                   ; sor[6]                   ; clk          ; clk         ; 0.000        ; 0.081      ; 0.933      ;
; 0.667 ; sor[6]                   ; sor[5]                   ; clk          ; clk         ; 0.000        ; 0.081      ; 0.934      ;
; 0.679 ; current_state.IDLE       ; current_state.LOAD       ; clk          ; clk         ; 0.000        ; 0.081      ; 0.946      ;
; 0.693 ; current_state.SHIFT      ; counter[0]               ; clk          ; clk         ; 0.000        ; 0.081      ; 0.960      ;
; 0.712 ; current_state.SHIFT      ; current_state.DONE_STATE ; clk          ; clk         ; 0.000        ; 0.081      ; 0.979      ;
; 0.723 ; counter[2]               ; current_state.DONE_STATE ; clk          ; clk         ; 0.000        ; 0.081      ; 0.990      ;
; 0.755 ; counter[0]               ; current_state.DONE_STATE ; clk          ; clk         ; 0.000        ; 0.081      ; 1.022      ;
; 0.774 ; current_state.SUBTRACT   ; counter[0]               ; clk          ; clk         ; 0.000        ; 0.081      ; 1.041      ;
; 0.776 ; current_state.SUBTRACT   ; counter[2]               ; clk          ; clk         ; 0.000        ; 0.081      ; 1.043      ;
; 0.785 ; current_state.CHECK      ; current_state.SUBTRACT   ; clk          ; clk         ; 0.000        ; 0.081      ; 1.052      ;
; 0.814 ; quotient_reg[0]          ; remi[3]~reg0             ; clk          ; clk         ; 0.000        ; -0.304     ; 0.696      ;
; 0.814 ; sor[4]                   ; sor[3]                   ; clk          ; clk         ; 0.000        ; 0.081      ; 1.081      ;
; 0.821 ; quotient_reg[3]          ; remi[0]~reg0             ; clk          ; clk         ; 0.000        ; -0.304     ; 0.703      ;
; 0.822 ; quotient_reg[2]          ; remi[1]~reg0             ; clk          ; clk         ; 0.000        ; -0.304     ; 0.704      ;
; 0.825 ; quotient_reg[1]          ; remi[2]~reg0             ; clk          ; clk         ; 0.000        ; -0.304     ; 0.707      ;
; 0.829 ; current_state.CHECK      ; counter[0]               ; clk          ; clk         ; 0.000        ; 0.081      ; 1.096      ;
; 0.831 ; current_state.CHECK      ; counter[2]               ; clk          ; clk         ; 0.000        ; 0.081      ; 1.098      ;
; 0.832 ; sor[2]                   ; sor[1]                   ; clk          ; clk         ; 0.000        ; 0.081      ; 1.099      ;
; 0.834 ; ender[1]                 ; quotient[1]~reg0         ; clk          ; clk         ; 0.000        ; 0.081      ; 1.101      ;
; 0.834 ; current_state.SUBTRACT   ; current_state.SHIFT      ; clk          ; clk         ; 0.000        ; 0.081      ; 1.101      ;
; 0.858 ; current_state.DONE_STATE ; current_state.IDLE       ; clk          ; clk         ; 0.000        ; 0.081      ; 1.125      ;
; 0.859 ; current_state.LOAD       ; current_state.CHECK      ; clk          ; clk         ; 0.000        ; 0.081      ; 1.126      ;
; 0.873 ; current_state.SUBTRACT   ; ender[6]                 ; clk          ; clk         ; 0.000        ; 0.082      ; 1.141      ;
; 0.874 ; current_state.SUBTRACT   ; ender[4]                 ; clk          ; clk         ; 0.000        ; 0.082      ; 1.142      ;
; 0.874 ; current_state.SUBTRACT   ; ender[5]                 ; clk          ; clk         ; 0.000        ; 0.082      ; 1.142      ;
; 0.880 ; current_state.SUBTRACT   ; ender[0]                 ; clk          ; clk         ; 0.000        ; 0.082      ; 1.148      ;
; 0.880 ; current_state.SUBTRACT   ; ender[3]                 ; clk          ; clk         ; 0.000        ; 0.082      ; 1.148      ;
; 0.881 ; current_state.SUBTRACT   ; ender[1]                 ; clk          ; clk         ; 0.000        ; 0.082      ; 1.149      ;
; 0.897 ; current_state.SHIFT      ; sor[6]                   ; clk          ; clk         ; 0.000        ; 0.082      ; 1.165      ;
; 0.897 ; current_state.SHIFT      ; sor[5]                   ; clk          ; clk         ; 0.000        ; 0.082      ; 1.165      ;
; 0.904 ; current_state.SHIFT      ; sor[2]                   ; clk          ; clk         ; 0.000        ; 0.082      ; 1.172      ;
; 0.904 ; current_state.SHIFT      ; sor[3]                   ; clk          ; clk         ; 0.000        ; 0.082      ; 1.172      ;
; 0.906 ; current_state.SHIFT      ; sor[1]                   ; clk          ; clk         ; 0.000        ; 0.082      ; 1.174      ;
; 0.907 ; current_state.SHIFT      ; sor[0]                   ; clk          ; clk         ; 0.000        ; 0.082      ; 1.175      ;
; 0.985 ; sor[7]                   ; ender[7]                 ; clk          ; clk         ; 0.000        ; 0.481      ; 1.652      ;
; 1.029 ; counter[1]               ; counter[2]               ; clk          ; clk         ; 0.000        ; 0.081      ; 1.296      ;
; 1.038 ; current_state.SHIFT      ; counter[1]               ; clk          ; clk         ; 0.000        ; 0.081      ; 1.305      ;
; 1.049 ; current_state.DONE_STATE ; counter[0]               ; clk          ; clk         ; 0.000        ; 0.081      ; 1.316      ;
; 1.064 ; current_state.DONE_STATE ; counter[2]               ; clk          ; clk         ; 0.000        ; 0.081      ; 1.331      ;
; 1.086 ; counter[0]               ; counter[1]               ; clk          ; clk         ; 0.000        ; 0.081      ; 1.353      ;
; 1.086 ; counter[1]               ; current_state.CHECK      ; clk          ; clk         ; 0.000        ; 0.081      ; 1.353      ;
; 1.088 ; current_state.DONE_STATE ; counter[1]               ; clk          ; clk         ; 0.000        ; 0.081      ; 1.355      ;
; 1.166 ; sor[3]                   ; ender[3]                 ; clk          ; clk         ; 0.000        ; 0.081      ; 1.433      ;
; 1.166 ; sor[1]                   ; ender[1]                 ; clk          ; clk         ; 0.000        ; 0.081      ; 1.433      ;
; 1.183 ; current_state.IDLE       ; quotient_reg[0]          ; clk          ; clk         ; 0.000        ; 0.481      ; 1.850      ;
; 1.183 ; current_state.IDLE       ; quotient_reg[1]          ; clk          ; clk         ; 0.000        ; 0.481      ; 1.850      ;
; 1.183 ; current_state.IDLE       ; quotient_reg[2]          ; clk          ; clk         ; 0.000        ; 0.481      ; 1.850      ;
; 1.183 ; current_state.IDLE       ; quotient_reg[3]          ; clk          ; clk         ; 0.000        ; 0.481      ; 1.850      ;
; 1.198 ; sor[6]                   ; ender[6]                 ; clk          ; clk         ; 0.000        ; 0.081      ; 1.465      ;
; 1.213 ; sor[7]                   ; quotient_reg[3]          ; clk          ; clk         ; 0.000        ; 0.480      ; 1.879      ;
; 1.247 ; current_state.SHIFT      ; counter[2]               ; clk          ; clk         ; 0.000        ; 0.081      ; 1.514      ;
; 1.271 ; counter[2]               ; current_state.CHECK      ; clk          ; clk         ; 0.000        ; 0.081      ; 1.538      ;
; 1.288 ; current_state.SHIFT      ; current_state.CHECK      ; clk          ; clk         ; 0.000        ; 0.081      ; 1.555      ;
; 1.302 ; sor[6]                   ; ender[7]                 ; clk          ; clk         ; 0.000        ; 0.481      ; 1.969      ;
; 1.306 ; counter[0]               ; counter[2]               ; clk          ; clk         ; 0.000        ; 0.081      ; 1.573      ;
; 1.333 ; sor[4]                   ; ender[4]                 ; clk          ; clk         ; 0.000        ; 0.081      ; 1.600      ;
; 1.340 ; ender[6]                 ; quotient_reg[3]          ; clk          ; clk         ; 0.000        ; 0.480      ; 2.006      ;
; 1.350 ; ender[7]                 ; quotient_reg[3]          ; clk          ; clk         ; 0.000        ; 0.096      ; 1.632      ;
; 1.357 ; ender[5]                 ; quotient_reg[3]          ; clk          ; clk         ; 0.000        ; 0.480      ; 2.023      ;
; 1.368 ; counter[0]               ; current_state.CHECK      ; clk          ; clk         ; 0.000        ; 0.081      ; 1.635      ;
; 1.373 ; ender[3]                 ; ender[3]                 ; clk          ; clk         ; 0.000        ; 0.081      ; 1.640      ;
; 1.385 ; ender[0]                 ; ender[0]                 ; clk          ; clk         ; 0.000        ; 0.081      ; 1.652      ;
; 1.399 ; sor[0]                   ; ender[0]                 ; clk          ; clk         ; 0.000        ; 0.081      ; 1.666      ;
; 1.404 ; current_state.DONE_STATE ; quotient[0]~reg0         ; clk          ; clk         ; 0.000        ; 0.082      ; 1.672      ;
; 1.404 ; current_state.DONE_STATE ; quotient[3]~reg0         ; clk          ; clk         ; 0.000        ; 0.082      ; 1.672      ;
; 1.404 ; current_state.DONE_STATE ; quotient[2]~reg0         ; clk          ; clk         ; 0.000        ; 0.082      ; 1.672      ;
; 1.404 ; current_state.DONE_STATE ; quotient[1]~reg0         ; clk          ; clk         ; 0.000        ; 0.082      ; 1.672      ;
; 1.439 ; current_state.DONE_STATE ; remi[3]~reg0             ; clk          ; clk         ; 0.000        ; 0.080      ; 1.705      ;
; 1.439 ; current_state.DONE_STATE ; remi[2]~reg0             ; clk          ; clk         ; 0.000        ; 0.080      ; 1.705      ;
; 1.439 ; current_state.DONE_STATE ; remi[1]~reg0             ; clk          ; clk         ; 0.000        ; 0.080      ; 1.705      ;
; 1.439 ; current_state.DONE_STATE ; remi[0]~reg0             ; clk          ; clk         ; 0.000        ; 0.080      ; 1.705      ;
; 1.441 ; sor[3]                   ; ender[7]                 ; clk          ; clk         ; 0.000        ; 0.481      ; 2.108      ;
; 1.465 ; ender[4]                 ; quotient_reg[3]          ; clk          ; clk         ; 0.000        ; 0.480      ; 2.131      ;
; 1.479 ; ender[3]                 ; quotient_reg[3]          ; clk          ; clk         ; 0.000        ; 0.480      ; 2.145      ;
; 1.486 ; sor[5]                   ; ender[7]                 ; clk          ; clk         ; 0.000        ; 0.481      ; 2.153      ;
; 1.495 ; sor[3]                   ; ender[4]                 ; clk          ; clk         ; 0.000        ; 0.081      ; 1.762      ;
; 1.500 ; sor[1]                   ; ender[3]                 ; clk          ; clk         ; 0.000        ; 0.081      ; 1.767      ;
; 1.506 ; ender[7]                 ; ender[7]                 ; clk          ; clk         ; 0.000        ; 0.097      ; 1.789      ;
; 1.533 ; current_state.LOAD       ; sor[7]                   ; clk          ; clk         ; 0.000        ; 0.082      ; 1.801      ;
; 1.538 ; ender[4]                 ; ender[4]                 ; clk          ; clk         ; 0.000        ; 0.081      ; 1.805      ;
; 1.545 ; ender[1]                 ; ender[1]                 ; clk          ; clk         ; 0.000        ; 0.081      ; 1.812      ;
; 1.554 ; ender[5]                 ; ender[7]                 ; clk          ; clk         ; 0.000        ; 0.481      ; 2.221      ;
; 1.567 ; sor[1]                   ; ender[7]                 ; clk          ; clk         ; 0.000        ; 0.481      ; 2.234      ;
; 1.571 ; sor[4]                   ; ender[7]                 ; clk          ; clk         ; 0.000        ; 0.481      ; 2.238      ;
+-------+--------------------------+--------------------------+--------------+-------------+--------------+------------+------------+


-----------------------------------------------
; Slow 1200mV 85C Model Metastability Summary ;
-----------------------------------------------
No synchronizer chains to report.


+-----------------------------------------------------------------------------------------------------------+
; Slow 1200mV 0C Model Fmax Summary                                                                         ;
+------------+-----------------+------------+---------------------------------------------------------------+
; Fmax       ; Restricted Fmax ; Clock Name ; Note                                                          ;
+------------+-----------------+------------+---------------------------------------------------------------+
; 294.55 MHz ; 250.0 MHz       ; clk        ; limit due to minimum period restriction (max I/O toggle rate) ;
+------------+-----------------+------------+---------------------------------------------------------------+
This panel reports FMAX for every clock in the design, regardless of the user-specified clock periods.  FMAX is only computed for paths where the source and destination registers or ports are driven by the same clock.  Paths of different clocks, including generated clocks, are ignored.  For paths between a clock and its inversion, FMAX is computed as if the rising and falling edges are scaled along with FMAX, such that the duty cycle (in terms of a percentage) is maintained. Altera recommends that you always use clock constraints and other slack reports for sign-off analysis.


+------------------------------------+
; Slow 1200mV 0C Model Setup Summary ;
+-------+--------+-------------------+
; Clock ; Slack  ; End Point TNS     ;
+-------+--------+-------------------+
; clk   ; -2.395 ; -42.179           ;
+-------+--------+-------------------+


+-----------------------------------+
; Slow 1200mV 0C Model Hold Summary ;
+-------+-------+-------------------+
; Clock ; Slack ; End Point TNS     ;
+-------+-------+-------------------+
; clk   ; 0.353 ; 0.000             ;
+-------+-------+-------------------+


-----------------------------------------
; Slow 1200mV 0C Model Recovery Summary ;
-----------------------------------------
No paths to report.


----------------------------------------
; Slow 1200mV 0C Model Removal Summary ;
----------------------------------------
No paths to report.


+--------------------------------------------------+
; Slow 1200mV 0C Model Minimum Pulse Width Summary ;
+-------+--------+---------------------------------+
; Clock ; Slack  ; End Point TNS                   ;
+-------+--------+---------------------------------+
; clk   ; -3.000 ; -51.830                         ;
+-------+--------+---------------------------------+


+-----------------------------------------------------------------------------------------------------+
; Slow 1200mV 0C Model Setup: 'clk'                                                                   ;
+--------+-----------+----------+--------------+-------------+--------------+------------+------------+
; Slack  ; From Node ; To Node  ; Launch Clock ; Latch Clock ; Relationship ; Clock Skew ; Data Delay ;
+--------+-----------+----------+--------------+-------------+--------------+------------+------------+
; -2.395 ; sor[0]    ; ender[4] ; clk          ; clk         ; 1.000        ; -0.074     ; 3.320      ;
; -2.395 ; sor[0]    ; ender[5] ; clk          ; clk         ; 1.000        ; -0.074     ; 3.320      ;
; -2.395 ; sor[0]    ; ender[6] ; clk          ; clk         ; 1.000        ; -0.074     ; 3.320      ;
; -2.363 ; sor[0]    ; ender[0] ; clk          ; clk         ; 1.000        ; -0.074     ; 3.288      ;
; -2.363 ; sor[0]    ; ender[1] ; clk          ; clk         ; 1.000        ; -0.074     ; 3.288      ;
; -2.363 ; sor[0]    ; ender[2] ; clk          ; clk         ; 1.000        ; -0.074     ; 3.288      ;
; -2.363 ; sor[0]    ; ender[3] ; clk          ; clk         ; 1.000        ; -0.074     ; 3.288      ;
; -2.314 ; ender[0]  ; ender[4] ; clk          ; clk         ; 1.000        ; -0.073     ; 3.240      ;
; -2.314 ; ender[0]  ; ender[5] ; clk          ; clk         ; 1.000        ; -0.073     ; 3.240      ;
; -2.314 ; ender[0]  ; ender[6] ; clk          ; clk         ; 1.000        ; -0.073     ; 3.240      ;
; -2.299 ; ender[2]  ; ender[4] ; clk          ; clk         ; 1.000        ; -0.073     ; 3.225      ;
; -2.299 ; ender[2]  ; ender[5] ; clk          ; clk         ; 1.000        ; -0.073     ; 3.225      ;
; -2.299 ; ender[2]  ; ender[6] ; clk          ; clk         ; 1.000        ; -0.073     ; 3.225      ;
; -2.282 ; sor[2]    ; ender[4] ; clk          ; clk         ; 1.000        ; -0.074     ; 3.207      ;
; -2.282 ; sor[2]    ; ender[5] ; clk          ; clk         ; 1.000        ; -0.074     ; 3.207      ;
; -2.282 ; sor[2]    ; ender[6] ; clk          ; clk         ; 1.000        ; -0.074     ; 3.207      ;
; -2.282 ; ender[0]  ; ender[0] ; clk          ; clk         ; 1.000        ; -0.073     ; 3.208      ;
; -2.282 ; ender[0]  ; ender[1] ; clk          ; clk         ; 1.000        ; -0.073     ; 3.208      ;
; -2.282 ; ender[0]  ; ender[2] ; clk          ; clk         ; 1.000        ; -0.073     ; 3.208      ;
; -2.282 ; ender[0]  ; ender[3] ; clk          ; clk         ; 1.000        ; -0.073     ; 3.208      ;
; -2.279 ; sor[1]    ; ender[4] ; clk          ; clk         ; 1.000        ; -0.074     ; 3.204      ;
; -2.279 ; sor[1]    ; ender[5] ; clk          ; clk         ; 1.000        ; -0.074     ; 3.204      ;
; -2.279 ; sor[1]    ; ender[6] ; clk          ; clk         ; 1.000        ; -0.074     ; 3.204      ;
; -2.267 ; ender[2]  ; ender[0] ; clk          ; clk         ; 1.000        ; -0.073     ; 3.193      ;
; -2.267 ; ender[2]  ; ender[1] ; clk          ; clk         ; 1.000        ; -0.073     ; 3.193      ;
; -2.267 ; ender[2]  ; ender[2] ; clk          ; clk         ; 1.000        ; -0.073     ; 3.193      ;
; -2.267 ; ender[2]  ; ender[3] ; clk          ; clk         ; 1.000        ; -0.073     ; 3.193      ;
; -2.262 ; sor[6]    ; ender[4] ; clk          ; clk         ; 1.000        ; -0.074     ; 3.187      ;
; -2.262 ; sor[6]    ; ender[5] ; clk          ; clk         ; 1.000        ; -0.074     ; 3.187      ;
; -2.262 ; sor[6]    ; ender[6] ; clk          ; clk         ; 1.000        ; -0.074     ; 3.187      ;
; -2.250 ; sor[2]    ; ender[0] ; clk          ; clk         ; 1.000        ; -0.074     ; 3.175      ;
; -2.250 ; sor[2]    ; ender[1] ; clk          ; clk         ; 1.000        ; -0.074     ; 3.175      ;
; -2.250 ; sor[2]    ; ender[2] ; clk          ; clk         ; 1.000        ; -0.074     ; 3.175      ;
; -2.250 ; sor[2]    ; ender[3] ; clk          ; clk         ; 1.000        ; -0.074     ; 3.175      ;
; -2.230 ; sor[1]    ; ender[0] ; clk          ; clk         ; 1.000        ; -0.074     ; 3.155      ;
; -2.230 ; sor[1]    ; ender[1] ; clk          ; clk         ; 1.000        ; -0.074     ; 3.155      ;
; -2.230 ; sor[1]    ; ender[2] ; clk          ; clk         ; 1.000        ; -0.074     ; 3.155      ;
; -2.230 ; sor[1]    ; ender[3] ; clk          ; clk         ; 1.000        ; -0.074     ; 3.155      ;
; -2.230 ; sor[6]    ; ender[0] ; clk          ; clk         ; 1.000        ; -0.074     ; 3.155      ;
; -2.230 ; sor[6]    ; ender[1] ; clk          ; clk         ; 1.000        ; -0.074     ; 3.155      ;
; -2.230 ; sor[6]    ; ender[2] ; clk          ; clk         ; 1.000        ; -0.074     ; 3.155      ;
; -2.230 ; sor[6]    ; ender[3] ; clk          ; clk         ; 1.000        ; -0.074     ; 3.155      ;
; -2.161 ; sor[3]    ; ender[4] ; clk          ; clk         ; 1.000        ; -0.074     ; 3.086      ;
; -2.161 ; sor[3]    ; ender[5] ; clk          ; clk         ; 1.000        ; -0.074     ; 3.086      ;
; -2.161 ; sor[3]    ; ender[6] ; clk          ; clk         ; 1.000        ; -0.074     ; 3.086      ;
; -2.156 ; sor[0]    ; ender[7] ; clk          ; clk         ; 1.000        ; 0.277      ; 3.432      ;
; -2.155 ; ender[1]  ; ender[2] ; clk          ; clk         ; 1.000        ; -0.073     ; 3.081      ;
; -2.112 ; sor[3]    ; ender[0] ; clk          ; clk         ; 1.000        ; -0.074     ; 3.037      ;
; -2.112 ; sor[3]    ; ender[1] ; clk          ; clk         ; 1.000        ; -0.074     ; 3.037      ;
; -2.112 ; sor[3]    ; ender[2] ; clk          ; clk         ; 1.000        ; -0.074     ; 3.037      ;
; -2.112 ; sor[3]    ; ender[3] ; clk          ; clk         ; 1.000        ; -0.074     ; 3.037      ;
; -2.105 ; ender[1]  ; ender[4] ; clk          ; clk         ; 1.000        ; -0.073     ; 3.031      ;
; -2.105 ; ender[1]  ; ender[5] ; clk          ; clk         ; 1.000        ; -0.073     ; 3.031      ;
; -2.105 ; ender[1]  ; ender[6] ; clk          ; clk         ; 1.000        ; -0.073     ; 3.031      ;
; -2.104 ; sor[4]    ; ender[4] ; clk          ; clk         ; 1.000        ; -0.074     ; 3.029      ;
; -2.104 ; sor[4]    ; ender[5] ; clk          ; clk         ; 1.000        ; -0.074     ; 3.029      ;
; -2.104 ; sor[4]    ; ender[6] ; clk          ; clk         ; 1.000        ; -0.074     ; 3.029      ;
; -2.092 ; sor[1]    ; ender[7] ; clk          ; clk         ; 1.000        ; 0.277      ; 3.368      ;
; -2.075 ; ender[0]  ; ender[7] ; clk          ; clk         ; 1.000        ; 0.278      ; 3.352      ;
; -2.073 ; ender[1]  ; ender[0] ; clk          ; clk         ; 1.000        ; -0.073     ; 2.999      ;
; -2.073 ; ender[1]  ; ender[1] ; clk          ; clk         ; 1.000        ; -0.073     ; 2.999      ;
; -2.073 ; ender[1]  ; ender[3] ; clk          ; clk         ; 1.000        ; -0.073     ; 2.999      ;
; -2.072 ; sor[4]    ; ender[0] ; clk          ; clk         ; 1.000        ; -0.074     ; 2.997      ;
; -2.072 ; sor[4]    ; ender[1] ; clk          ; clk         ; 1.000        ; -0.074     ; 2.997      ;
; -2.072 ; sor[4]    ; ender[2] ; clk          ; clk         ; 1.000        ; -0.074     ; 2.997      ;
; -2.072 ; sor[4]    ; ender[3] ; clk          ; clk         ; 1.000        ; -0.074     ; 2.997      ;
; -2.071 ; sor[5]    ; ender[4] ; clk          ; clk         ; 1.000        ; -0.074     ; 2.996      ;
; -2.071 ; sor[5]    ; ender[5] ; clk          ; clk         ; 1.000        ; -0.074     ; 2.996      ;
; -2.071 ; sor[5]    ; ender[6] ; clk          ; clk         ; 1.000        ; -0.074     ; 2.996      ;
; -2.062 ; ender[4]  ; ender[4] ; clk          ; clk         ; 1.000        ; -0.073     ; 2.988      ;
; -2.062 ; ender[4]  ; ender[5] ; clk          ; clk         ; 1.000        ; -0.073     ; 2.988      ;
; -2.062 ; ender[4]  ; ender[6] ; clk          ; clk         ; 1.000        ; -0.073     ; 2.988      ;
; -2.060 ; ender[2]  ; ender[7] ; clk          ; clk         ; 1.000        ; 0.278      ; 3.337      ;
; -2.043 ; sor[2]    ; ender[7] ; clk          ; clk         ; 1.000        ; 0.277      ; 3.319      ;
; -2.030 ; ender[4]  ; ender[0] ; clk          ; clk         ; 1.000        ; -0.073     ; 2.956      ;
; -2.030 ; ender[4]  ; ender[1] ; clk          ; clk         ; 1.000        ; -0.073     ; 2.956      ;
; -2.030 ; ender[4]  ; ender[2] ; clk          ; clk         ; 1.000        ; -0.073     ; 2.956      ;
; -2.030 ; ender[4]  ; ender[3] ; clk          ; clk         ; 1.000        ; -0.073     ; 2.956      ;
; -2.023 ; sor[6]    ; ender[7] ; clk          ; clk         ; 1.000        ; 0.277      ; 3.299      ;
; -2.022 ; sor[5]    ; ender[0] ; clk          ; clk         ; 1.000        ; -0.074     ; 2.947      ;
; -2.022 ; sor[5]    ; ender[1] ; clk          ; clk         ; 1.000        ; -0.074     ; 2.947      ;
; -2.022 ; sor[5]    ; ender[2] ; clk          ; clk         ; 1.000        ; -0.074     ; 2.947      ;
; -2.022 ; sor[5]    ; ender[3] ; clk          ; clk         ; 1.000        ; -0.074     ; 2.947      ;
; -1.988 ; ender[3]  ; ender[4] ; clk          ; clk         ; 1.000        ; -0.073     ; 2.914      ;
; -1.988 ; ender[3]  ; ender[5] ; clk          ; clk         ; 1.000        ; -0.073     ; 2.914      ;
; -1.988 ; ender[3]  ; ender[6] ; clk          ; clk         ; 1.000        ; -0.073     ; 2.914      ;
; -1.974 ; sor[3]    ; ender[7] ; clk          ; clk         ; 1.000        ; 0.277      ; 3.250      ;
; -1.956 ; ender[3]  ; ender[0] ; clk          ; clk         ; 1.000        ; -0.073     ; 2.882      ;
; -1.956 ; ender[3]  ; ender[1] ; clk          ; clk         ; 1.000        ; -0.073     ; 2.882      ;
; -1.956 ; ender[3]  ; ender[2] ; clk          ; clk         ; 1.000        ; -0.073     ; 2.882      ;
; -1.956 ; ender[3]  ; ender[3] ; clk          ; clk         ; 1.000        ; -0.073     ; 2.882      ;
; -1.947 ; ender[6]  ; ender[4] ; clk          ; clk         ; 1.000        ; -0.073     ; 2.873      ;
; -1.947 ; ender[6]  ; ender[5] ; clk          ; clk         ; 1.000        ; -0.073     ; 2.873      ;
; -1.947 ; ender[6]  ; ender[6] ; clk          ; clk         ; 1.000        ; -0.073     ; 2.873      ;
; -1.915 ; ender[6]  ; ender[0] ; clk          ; clk         ; 1.000        ; -0.073     ; 2.841      ;
; -1.915 ; ender[6]  ; ender[1] ; clk          ; clk         ; 1.000        ; -0.073     ; 2.841      ;
; -1.915 ; ender[6]  ; ender[2] ; clk          ; clk         ; 1.000        ; -0.073     ; 2.841      ;
; -1.915 ; ender[6]  ; ender[3] ; clk          ; clk         ; 1.000        ; -0.073     ; 2.841      ;
; -1.884 ; sor[5]    ; ender[7] ; clk          ; clk         ; 1.000        ; 0.277      ; 3.160      ;
; -1.874 ; ender[1]  ; ender[7] ; clk          ; clk         ; 1.000        ; 0.278      ; 3.151      ;
+--------+-----------+----------+--------------+-------------+--------------+------------+------------+


+-----------------------------------------------------------------------------------------------------------------------------------+
; Slow 1200mV 0C Model Hold: 'clk'                                                                                                  ;
+-------+--------------------------+--------------------------+--------------+-------------+--------------+------------+------------+
; Slack ; From Node                ; To Node                  ; Launch Clock ; Latch Clock ; Relationship ; Clock Skew ; Data Delay ;
+-------+--------------------------+--------------------------+--------------+-------------+--------------+------------+------------+
; 0.353 ; current_state.IDLE       ; current_state.IDLE       ; clk          ; clk         ; 0.000        ; 0.073      ; 0.597      ;
; 0.353 ; counter[1]               ; counter[1]               ; clk          ; clk         ; 0.000        ; 0.073      ; 0.597      ;
; 0.353 ; counter[0]               ; counter[0]               ; clk          ; clk         ; 0.000        ; 0.073      ; 0.597      ;
; 0.353 ; counter[2]               ; counter[2]               ; clk          ; clk         ; 0.000        ; 0.073      ; 0.597      ;
; 0.388 ; quotient_reg[2]          ; quotient_reg[1]          ; clk          ; clk         ; 0.000        ; 0.087      ; 0.646      ;
; 0.388 ; quotient_reg[3]          ; quotient_reg[2]          ; clk          ; clk         ; 0.000        ; 0.087      ; 0.646      ;
; 0.389 ; quotient_reg[1]          ; quotient_reg[0]          ; clk          ; clk         ; 0.000        ; 0.087      ; 0.647      ;
; 0.435 ; counter[1]               ; current_state.DONE_STATE ; clk          ; clk         ; 0.000        ; 0.073      ; 0.679      ;
; 0.533 ; sor[3]                   ; sor[2]                   ; clk          ; clk         ; 0.000        ; 0.072      ; 0.776      ;
; 0.543 ; current_state.SUBTRACT   ; quotient_reg[3]          ; clk          ; clk         ; 0.000        ; 0.439      ; 1.153      ;
; 0.543 ; current_state.SUBTRACT   ; quotient_reg[0]          ; clk          ; clk         ; 0.000        ; 0.439      ; 1.153      ;
; 0.546 ; current_state.SUBTRACT   ; quotient_reg[2]          ; clk          ; clk         ; 0.000        ; 0.439      ; 1.156      ;
; 0.548 ; current_state.SUBTRACT   ; quotient_reg[1]          ; clk          ; clk         ; 0.000        ; 0.439      ; 1.158      ;
; 0.583 ; current_state.DONE_STATE ; done~reg0                ; clk          ; clk         ; 0.000        ; 0.073      ; 0.827      ;
; 0.596 ; current_state.SUBTRACT   ; ender[7]                 ; clk          ; clk         ; 0.000        ; 0.440      ; 1.207      ;
; 0.608 ; sor[1]                   ; sor[0]                   ; clk          ; clk         ; 0.000        ; 0.072      ; 0.851      ;
; 0.610 ; sor[7]                   ; sor[6]                   ; clk          ; clk         ; 0.000        ; 0.072      ; 0.853      ;
; 0.611 ; sor[6]                   ; sor[5]                   ; clk          ; clk         ; 0.000        ; 0.072      ; 0.854      ;
; 0.621 ; current_state.IDLE       ; current_state.LOAD       ; clk          ; clk         ; 0.000        ; 0.073      ; 0.865      ;
; 0.632 ; current_state.SHIFT      ; counter[0]               ; clk          ; clk         ; 0.000        ; 0.073      ; 0.876      ;
; 0.652 ; current_state.SHIFT      ; current_state.DONE_STATE ; clk          ; clk         ; 0.000        ; 0.073      ; 0.896      ;
; 0.657 ; counter[2]               ; current_state.DONE_STATE ; clk          ; clk         ; 0.000        ; 0.073      ; 0.901      ;
; 0.696 ; current_state.SUBTRACT   ; counter[0]               ; clk          ; clk         ; 0.000        ; 0.073      ; 0.940      ;
; 0.698 ; current_state.SUBTRACT   ; counter[2]               ; clk          ; clk         ; 0.000        ; 0.073      ; 0.942      ;
; 0.701 ; counter[0]               ; current_state.DONE_STATE ; clk          ; clk         ; 0.000        ; 0.073      ; 0.945      ;
; 0.729 ; current_state.CHECK      ; current_state.SUBTRACT   ; clk          ; clk         ; 0.000        ; 0.073      ; 0.973      ;
; 0.748 ; quotient_reg[0]          ; remi[3]~reg0             ; clk          ; clk         ; 0.000        ; -0.280     ; 0.639      ;
; 0.754 ; quotient_reg[3]          ; remi[0]~reg0             ; clk          ; clk         ; 0.000        ; -0.280     ; 0.645      ;
; 0.754 ; current_state.SUBTRACT   ; current_state.SHIFT      ; clk          ; clk         ; 0.000        ; 0.073      ; 0.998      ;
; 0.754 ; current_state.CHECK      ; counter[0]               ; clk          ; clk         ; 0.000        ; 0.073      ; 0.998      ;
; 0.755 ; quotient_reg[2]          ; remi[1]~reg0             ; clk          ; clk         ; 0.000        ; -0.280     ; 0.646      ;
; 0.756 ; current_state.CHECK      ; counter[2]               ; clk          ; clk         ; 0.000        ; 0.073      ; 1.000      ;
; 0.758 ; quotient_reg[1]          ; remi[2]~reg0             ; clk          ; clk         ; 0.000        ; -0.280     ; 0.649      ;
; 0.758 ; sor[4]                   ; sor[3]                   ; clk          ; clk         ; 0.000        ; 0.072      ; 1.001      ;
; 0.771 ; sor[2]                   ; sor[1]                   ; clk          ; clk         ; 0.000        ; 0.072      ; 1.014      ;
; 0.772 ; current_state.LOAD       ; current_state.CHECK      ; clk          ; clk         ; 0.000        ; 0.073      ; 1.016      ;
; 0.774 ; ender[1]                 ; quotient[1]~reg0         ; clk          ; clk         ; 0.000        ; 0.074      ; 1.019      ;
; 0.792 ; current_state.DONE_STATE ; current_state.IDLE       ; clk          ; clk         ; 0.000        ; 0.073      ; 1.036      ;
; 0.811 ; current_state.SHIFT      ; sor[2]                   ; clk          ; clk         ; 0.000        ; 0.075      ; 1.057      ;
; 0.811 ; current_state.SHIFT      ; sor[3]                   ; clk          ; clk         ; 0.000        ; 0.075      ; 1.057      ;
; 0.813 ; current_state.SHIFT      ; sor[5]                   ; clk          ; clk         ; 0.000        ; 0.075      ; 1.059      ;
; 0.814 ; current_state.SUBTRACT   ; ender[5]                 ; clk          ; clk         ; 0.000        ; 0.074      ; 1.059      ;
; 0.814 ; current_state.SUBTRACT   ; ender[6]                 ; clk          ; clk         ; 0.000        ; 0.074      ; 1.059      ;
; 0.814 ; current_state.SHIFT      ; sor[6]                   ; clk          ; clk         ; 0.000        ; 0.075      ; 1.060      ;
; 0.814 ; current_state.SHIFT      ; sor[0]                   ; clk          ; clk         ; 0.000        ; 0.075      ; 1.060      ;
; 0.814 ; current_state.SHIFT      ; sor[1]                   ; clk          ; clk         ; 0.000        ; 0.075      ; 1.060      ;
; 0.815 ; current_state.SUBTRACT   ; ender[4]                 ; clk          ; clk         ; 0.000        ; 0.074      ; 1.060      ;
; 0.821 ; current_state.SUBTRACT   ; ender[0]                 ; clk          ; clk         ; 0.000        ; 0.074      ; 1.066      ;
; 0.821 ; current_state.SUBTRACT   ; ender[3]                 ; clk          ; clk         ; 0.000        ; 0.074      ; 1.066      ;
; 0.822 ; current_state.SUBTRACT   ; ender[1]                 ; clk          ; clk         ; 0.000        ; 0.074      ; 1.067      ;
; 0.884 ; sor[7]                   ; ender[7]                 ; clk          ; clk         ; 0.000        ; 0.437      ; 1.492      ;
; 0.933 ; counter[1]               ; counter[2]               ; clk          ; clk         ; 0.000        ; 0.073      ; 1.177      ;
; 0.952 ; current_state.SHIFT      ; counter[1]               ; clk          ; clk         ; 0.000        ; 0.073      ; 1.196      ;
; 0.963 ; current_state.DONE_STATE ; counter[2]               ; clk          ; clk         ; 0.000        ; 0.073      ; 1.207      ;
; 0.966 ; current_state.DONE_STATE ; counter[0]               ; clk          ; clk         ; 0.000        ; 0.073      ; 1.210      ;
; 0.977 ; counter[1]               ; current_state.CHECK      ; clk          ; clk         ; 0.000        ; 0.073      ; 1.221      ;
; 0.992 ; counter[0]               ; counter[1]               ; clk          ; clk         ; 0.000        ; 0.073      ; 1.236      ;
; 1.012 ; current_state.DONE_STATE ; counter[1]               ; clk          ; clk         ; 0.000        ; 0.073      ; 1.256      ;
; 1.056 ; sor[1]                   ; ender[1]                 ; clk          ; clk         ; 0.000        ; 0.071      ; 1.298      ;
; 1.059 ; sor[3]                   ; ender[3]                 ; clk          ; clk         ; 0.000        ; 0.071      ; 1.301      ;
; 1.085 ; sor[6]                   ; ender[6]                 ; clk          ; clk         ; 0.000        ; 0.071      ; 1.327      ;
; 1.095 ; current_state.IDLE       ; quotient_reg[0]          ; clk          ; clk         ; 0.000        ; 0.439      ; 1.705      ;
; 1.095 ; current_state.IDLE       ; quotient_reg[1]          ; clk          ; clk         ; 0.000        ; 0.439      ; 1.705      ;
; 1.095 ; current_state.IDLE       ; quotient_reg[2]          ; clk          ; clk         ; 0.000        ; 0.439      ; 1.705      ;
; 1.095 ; current_state.IDLE       ; quotient_reg[3]          ; clk          ; clk         ; 0.000        ; 0.439      ; 1.705      ;
; 1.095 ; sor[7]                   ; quotient_reg[3]          ; clk          ; clk         ; 0.000        ; 0.436      ; 1.702      ;
; 1.140 ; current_state.SHIFT      ; counter[2]               ; clk          ; clk         ; 0.000        ; 0.073      ; 1.384      ;
; 1.161 ; counter[2]               ; current_state.CHECK      ; clk          ; clk         ; 0.000        ; 0.073      ; 1.405      ;
; 1.164 ; sor[6]                   ; ender[7]                 ; clk          ; clk         ; 0.000        ; 0.437      ; 1.772      ;
; 1.176 ; current_state.SHIFT      ; current_state.CHECK      ; clk          ; clk         ; 0.000        ; 0.073      ; 1.420      ;
; 1.198 ; counter[0]               ; counter[2]               ; clk          ; clk         ; 0.000        ; 0.073      ; 1.442      ;
; 1.205 ; ender[6]                 ; quotient_reg[3]          ; clk          ; clk         ; 0.000        ; 0.438      ; 1.814      ;
; 1.218 ; ender[5]                 ; quotient_reg[3]          ; clk          ; clk         ; 0.000        ; 0.438      ; 1.827      ;
; 1.222 ; sor[4]                   ; ender[4]                 ; clk          ; clk         ; 0.000        ; 0.071      ; 1.464      ;
; 1.233 ; ender[3]                 ; ender[3]                 ; clk          ; clk         ; 0.000        ; 0.073      ; 1.477      ;
; 1.233 ; ender[7]                 ; quotient_reg[3]          ; clk          ; clk         ; 0.000        ; 0.087      ; 1.491      ;
; 1.234 ; ender[0]                 ; ender[0]                 ; clk          ; clk         ; 0.000        ; 0.073      ; 1.478      ;
; 1.241 ; sor[0]                   ; ender[0]                 ; clk          ; clk         ; 0.000        ; 0.071      ; 1.483      ;
; 1.244 ; counter[0]               ; current_state.CHECK      ; clk          ; clk         ; 0.000        ; 0.073      ; 1.488      ;
; 1.272 ; current_state.DONE_STATE ; quotient[0]~reg0         ; clk          ; clk         ; 0.000        ; 0.075      ; 1.518      ;
; 1.272 ; current_state.DONE_STATE ; quotient[3]~reg0         ; clk          ; clk         ; 0.000        ; 0.075      ; 1.518      ;
; 1.272 ; current_state.DONE_STATE ; quotient[2]~reg0         ; clk          ; clk         ; 0.000        ; 0.075      ; 1.518      ;
; 1.272 ; current_state.DONE_STATE ; quotient[1]~reg0         ; clk          ; clk         ; 0.000        ; 0.075      ; 1.518      ;
; 1.282 ; sor[3]                   ; ender[7]                 ; clk          ; clk         ; 0.000        ; 0.437      ; 1.890      ;
; 1.305 ; current_state.DONE_STATE ; remi[3]~reg0             ; clk          ; clk         ; 0.000        ; 0.072      ; 1.548      ;
; 1.305 ; current_state.DONE_STATE ; remi[2]~reg0             ; clk          ; clk         ; 0.000        ; 0.072      ; 1.548      ;
; 1.305 ; current_state.DONE_STATE ; remi[1]~reg0             ; clk          ; clk         ; 0.000        ; 0.072      ; 1.548      ;
; 1.305 ; current_state.DONE_STATE ; remi[0]~reg0             ; clk          ; clk         ; 0.000        ; 0.072      ; 1.548      ;
; 1.314 ; ender[4]                 ; quotient_reg[3]          ; clk          ; clk         ; 0.000        ; 0.438      ; 1.923      ;
; 1.324 ; ender[3]                 ; quotient_reg[3]          ; clk          ; clk         ; 0.000        ; 0.438      ; 1.933      ;
; 1.341 ; sor[5]                   ; ender[7]                 ; clk          ; clk         ; 0.000        ; 0.437      ; 1.949      ;
; 1.344 ; sor[3]                   ; ender[4]                 ; clk          ; clk         ; 0.000        ; 0.071      ; 1.586      ;
; 1.348 ; ender[7]                 ; ender[7]                 ; clk          ; clk         ; 0.000        ; 0.088      ; 1.607      ;
; 1.351 ; sor[1]                   ; ender[3]                 ; clk          ; clk         ; 0.000        ; 0.071      ; 1.593      ;
; 1.368 ; ender[1]                 ; ender[1]                 ; clk          ; clk         ; 0.000        ; 0.073      ; 1.612      ;
; 1.376 ; current_state.LOAD       ; sor[7]                   ; clk          ; clk         ; 0.000        ; 0.075      ; 1.622      ;
; 1.377 ; ender[4]                 ; ender[4]                 ; clk          ; clk         ; 0.000        ; 0.073      ; 1.621      ;
; 1.387 ; ender[5]                 ; ender[7]                 ; clk          ; clk         ; 0.000        ; 0.439      ; 1.997      ;
; 1.393 ; sor[1]                   ; ender[7]                 ; clk          ; clk         ; 0.000        ; 0.437      ; 2.001      ;
; 1.415 ; sor[4]                   ; ender[7]                 ; clk          ; clk         ; 0.000        ; 0.437      ; 2.023      ;
+-------+--------------------------+--------------------------+--------------+-------------+--------------+------------+------------+


----------------------------------------------
; Slow 1200mV 0C Model Metastability Summary ;
----------------------------------------------
No synchronizer chains to report.


+------------------------------------+
; Fast 1200mV 0C Model Setup Summary ;
+-------+--------+-------------------+
; Clock ; Slack  ; End Point TNS     ;
+-------+--------+-------------------+
; clk   ; -0.780 ; -8.598            ;
+-------+--------+-------------------+


+-----------------------------------+
; Fast 1200mV 0C Model Hold Summary ;
+-------+-------+-------------------+
; Clock ; Slack ; End Point TNS     ;
+-------+-------+-------------------+
; clk   ; 0.181 ; 0.000             ;
+-------+-------+-------------------+


-----------------------------------------
; Fast 1200mV 0C Model Recovery Summary ;
-----------------------------------------
No paths to report.


----------------------------------------
; Fast 1200mV 0C Model Removal Summary ;
----------------------------------------
No paths to report.


+--------------------------------------------------+
; Fast 1200mV 0C Model Minimum Pulse Width Summary ;
+-------+--------+---------------------------------+
; Clock ; Slack  ; End Point TNS                   ;
+-------+--------+---------------------------------+
; clk   ; -3.000 ; -43.499                         ;
+-------+--------+---------------------------------+


+-----------------------------------------------------------------------------------------------------+
; Fast 1200mV 0C Model Setup: 'clk'                                                                   ;
+--------+-----------+----------+--------------+-------------+--------------+------------+------------+
; Slack  ; From Node ; To Node  ; Launch Clock ; Latch Clock ; Relationship ; Clock Skew ; Data Delay ;
+--------+-----------+----------+--------------+-------------+--------------+------------+------------+
; -0.780 ; ender[0]  ; ender[4] ; clk          ; clk         ; 1.000        ; -0.041     ; 1.726      ;
; -0.780 ; ender[0]  ; ender[5] ; clk          ; clk         ; 1.000        ; -0.041     ; 1.726      ;
; -0.780 ; ender[0]  ; ender[6] ; clk          ; clk         ; 1.000        ; -0.041     ; 1.726      ;
; -0.773 ; ender[2]  ; ender[4] ; clk          ; clk         ; 1.000        ; -0.041     ; 1.719      ;
; -0.773 ; ender[2]  ; ender[5] ; clk          ; clk         ; 1.000        ; -0.041     ; 1.719      ;
; -0.773 ; ender[2]  ; ender[6] ; clk          ; clk         ; 1.000        ; -0.041     ; 1.719      ;
; -0.771 ; sor[0]    ; ender[4] ; clk          ; clk         ; 1.000        ; -0.042     ; 1.716      ;
; -0.771 ; sor[0]    ; ender[5] ; clk          ; clk         ; 1.000        ; -0.042     ; 1.716      ;
; -0.771 ; sor[0]    ; ender[6] ; clk          ; clk         ; 1.000        ; -0.042     ; 1.716      ;
; -0.767 ; sor[1]    ; ender[4] ; clk          ; clk         ; 1.000        ; -0.042     ; 1.712      ;
; -0.767 ; sor[1]    ; ender[5] ; clk          ; clk         ; 1.000        ; -0.042     ; 1.712      ;
; -0.767 ; sor[1]    ; ender[6] ; clk          ; clk         ; 1.000        ; -0.042     ; 1.712      ;
; -0.760 ; sor[1]    ; ender[0] ; clk          ; clk         ; 1.000        ; -0.042     ; 1.705      ;
; -0.760 ; sor[1]    ; ender[1] ; clk          ; clk         ; 1.000        ; -0.042     ; 1.705      ;
; -0.760 ; sor[1]    ; ender[2] ; clk          ; clk         ; 1.000        ; -0.042     ; 1.705      ;
; -0.760 ; sor[1]    ; ender[3] ; clk          ; clk         ; 1.000        ; -0.042     ; 1.705      ;
; -0.745 ; ender[0]  ; ender[0] ; clk          ; clk         ; 1.000        ; -0.041     ; 1.691      ;
; -0.745 ; ender[0]  ; ender[1] ; clk          ; clk         ; 1.000        ; -0.041     ; 1.691      ;
; -0.745 ; ender[0]  ; ender[2] ; clk          ; clk         ; 1.000        ; -0.041     ; 1.691      ;
; -0.745 ; ender[0]  ; ender[3] ; clk          ; clk         ; 1.000        ; -0.041     ; 1.691      ;
; -0.738 ; ender[2]  ; ender[0] ; clk          ; clk         ; 1.000        ; -0.041     ; 1.684      ;
; -0.738 ; ender[2]  ; ender[1] ; clk          ; clk         ; 1.000        ; -0.041     ; 1.684      ;
; -0.738 ; ender[2]  ; ender[2] ; clk          ; clk         ; 1.000        ; -0.041     ; 1.684      ;
; -0.738 ; ender[2]  ; ender[3] ; clk          ; clk         ; 1.000        ; -0.041     ; 1.684      ;
; -0.736 ; sor[0]    ; ender[0] ; clk          ; clk         ; 1.000        ; -0.042     ; 1.681      ;
; -0.736 ; sor[0]    ; ender[1] ; clk          ; clk         ; 1.000        ; -0.042     ; 1.681      ;
; -0.736 ; sor[0]    ; ender[2] ; clk          ; clk         ; 1.000        ; -0.042     ; 1.681      ;
; -0.736 ; sor[0]    ; ender[3] ; clk          ; clk         ; 1.000        ; -0.042     ; 1.681      ;
; -0.703 ; sor[2]    ; ender[4] ; clk          ; clk         ; 1.000        ; -0.042     ; 1.648      ;
; -0.703 ; sor[2]    ; ender[5] ; clk          ; clk         ; 1.000        ; -0.042     ; 1.648      ;
; -0.703 ; sor[2]    ; ender[6] ; clk          ; clk         ; 1.000        ; -0.042     ; 1.648      ;
; -0.699 ; sor[3]    ; ender[4] ; clk          ; clk         ; 1.000        ; -0.042     ; 1.644      ;
; -0.699 ; sor[3]    ; ender[5] ; clk          ; clk         ; 1.000        ; -0.042     ; 1.644      ;
; -0.699 ; sor[3]    ; ender[6] ; clk          ; clk         ; 1.000        ; -0.042     ; 1.644      ;
; -0.692 ; sor[3]    ; ender[0] ; clk          ; clk         ; 1.000        ; -0.042     ; 1.637      ;
; -0.692 ; sor[3]    ; ender[1] ; clk          ; clk         ; 1.000        ; -0.042     ; 1.637      ;
; -0.692 ; sor[3]    ; ender[2] ; clk          ; clk         ; 1.000        ; -0.042     ; 1.637      ;
; -0.692 ; sor[3]    ; ender[3] ; clk          ; clk         ; 1.000        ; -0.042     ; 1.637      ;
; -0.678 ; ender[1]  ; ender[2] ; clk          ; clk         ; 1.000        ; -0.041     ; 1.624      ;
; -0.671 ; sor[6]    ; ender[4] ; clk          ; clk         ; 1.000        ; -0.042     ; 1.616      ;
; -0.671 ; sor[6]    ; ender[5] ; clk          ; clk         ; 1.000        ; -0.042     ; 1.616      ;
; -0.671 ; sor[6]    ; ender[6] ; clk          ; clk         ; 1.000        ; -0.042     ; 1.616      ;
; -0.669 ; ender[0]  ; ender[7] ; clk          ; clk         ; 1.000        ; 0.140      ; 1.796      ;
; -0.668 ; sor[2]    ; ender[0] ; clk          ; clk         ; 1.000        ; -0.042     ; 1.613      ;
; -0.668 ; sor[2]    ; ender[1] ; clk          ; clk         ; 1.000        ; -0.042     ; 1.613      ;
; -0.668 ; sor[2]    ; ender[2] ; clk          ; clk         ; 1.000        ; -0.042     ; 1.613      ;
; -0.668 ; sor[2]    ; ender[3] ; clk          ; clk         ; 1.000        ; -0.042     ; 1.613      ;
; -0.662 ; ender[2]  ; ender[7] ; clk          ; clk         ; 1.000        ; 0.140      ; 1.789      ;
; -0.660 ; sor[0]    ; ender[7] ; clk          ; clk         ; 1.000        ; 0.139      ; 1.786      ;
; -0.655 ; sor[1]    ; ender[7] ; clk          ; clk         ; 1.000        ; 0.139      ; 1.781      ;
; -0.652 ; ender[1]  ; ender[4] ; clk          ; clk         ; 1.000        ; -0.041     ; 1.598      ;
; -0.652 ; ender[1]  ; ender[5] ; clk          ; clk         ; 1.000        ; -0.041     ; 1.598      ;
; -0.652 ; ender[1]  ; ender[6] ; clk          ; clk         ; 1.000        ; -0.041     ; 1.598      ;
; -0.644 ; sor[5]    ; ender[4] ; clk          ; clk         ; 1.000        ; -0.042     ; 1.589      ;
; -0.644 ; sor[5]    ; ender[5] ; clk          ; clk         ; 1.000        ; -0.042     ; 1.589      ;
; -0.644 ; sor[5]    ; ender[6] ; clk          ; clk         ; 1.000        ; -0.042     ; 1.589      ;
; -0.637 ; sor[5]    ; ender[0] ; clk          ; clk         ; 1.000        ; -0.042     ; 1.582      ;
; -0.637 ; sor[5]    ; ender[1] ; clk          ; clk         ; 1.000        ; -0.042     ; 1.582      ;
; -0.637 ; sor[5]    ; ender[2] ; clk          ; clk         ; 1.000        ; -0.042     ; 1.582      ;
; -0.637 ; sor[5]    ; ender[3] ; clk          ; clk         ; 1.000        ; -0.042     ; 1.582      ;
; -0.636 ; sor[6]    ; ender[0] ; clk          ; clk         ; 1.000        ; -0.042     ; 1.581      ;
; -0.636 ; sor[6]    ; ender[1] ; clk          ; clk         ; 1.000        ; -0.042     ; 1.581      ;
; -0.636 ; sor[6]    ; ender[2] ; clk          ; clk         ; 1.000        ; -0.042     ; 1.581      ;
; -0.636 ; sor[6]    ; ender[3] ; clk          ; clk         ; 1.000        ; -0.042     ; 1.581      ;
; -0.631 ; ender[4]  ; ender[4] ; clk          ; clk         ; 1.000        ; -0.041     ; 1.577      ;
; -0.631 ; ender[4]  ; ender[5] ; clk          ; clk         ; 1.000        ; -0.041     ; 1.577      ;
; -0.631 ; ender[4]  ; ender[6] ; clk          ; clk         ; 1.000        ; -0.041     ; 1.577      ;
; -0.617 ; ender[1]  ; ender[0] ; clk          ; clk         ; 1.000        ; -0.041     ; 1.563      ;
; -0.617 ; ender[1]  ; ender[1] ; clk          ; clk         ; 1.000        ; -0.041     ; 1.563      ;
; -0.617 ; ender[1]  ; ender[3] ; clk          ; clk         ; 1.000        ; -0.041     ; 1.563      ;
; -0.612 ; sor[4]    ; ender[4] ; clk          ; clk         ; 1.000        ; -0.042     ; 1.557      ;
; -0.612 ; sor[4]    ; ender[5] ; clk          ; clk         ; 1.000        ; -0.042     ; 1.557      ;
; -0.612 ; sor[4]    ; ender[6] ; clk          ; clk         ; 1.000        ; -0.042     ; 1.557      ;
; -0.596 ; ender[4]  ; ender[0] ; clk          ; clk         ; 1.000        ; -0.041     ; 1.542      ;
; -0.596 ; ender[4]  ; ender[1] ; clk          ; clk         ; 1.000        ; -0.041     ; 1.542      ;
; -0.596 ; ender[4]  ; ender[2] ; clk          ; clk         ; 1.000        ; -0.041     ; 1.542      ;
; -0.596 ; ender[4]  ; ender[3] ; clk          ; clk         ; 1.000        ; -0.041     ; 1.542      ;
; -0.592 ; sor[2]    ; ender[7] ; clk          ; clk         ; 1.000        ; 0.139      ; 1.718      ;
; -0.587 ; sor[3]    ; ender[7] ; clk          ; clk         ; 1.000        ; 0.139      ; 1.713      ;
; -0.583 ; ender[3]  ; ender[4] ; clk          ; clk         ; 1.000        ; -0.041     ; 1.529      ;
; -0.583 ; ender[3]  ; ender[5] ; clk          ; clk         ; 1.000        ; -0.041     ; 1.529      ;
; -0.583 ; ender[3]  ; ender[6] ; clk          ; clk         ; 1.000        ; -0.041     ; 1.529      ;
; -0.577 ; sor[4]    ; ender[0] ; clk          ; clk         ; 1.000        ; -0.042     ; 1.522      ;
; -0.577 ; sor[4]    ; ender[1] ; clk          ; clk         ; 1.000        ; -0.042     ; 1.522      ;
; -0.577 ; sor[4]    ; ender[2] ; clk          ; clk         ; 1.000        ; -0.042     ; 1.522      ;
; -0.577 ; sor[4]    ; ender[3] ; clk          ; clk         ; 1.000        ; -0.042     ; 1.522      ;
; -0.565 ; ender[6]  ; ender[4] ; clk          ; clk         ; 1.000        ; -0.041     ; 1.511      ;
; -0.565 ; ender[6]  ; ender[5] ; clk          ; clk         ; 1.000        ; -0.041     ; 1.511      ;
; -0.565 ; ender[6]  ; ender[6] ; clk          ; clk         ; 1.000        ; -0.041     ; 1.511      ;
; -0.560 ; sor[6]    ; ender[7] ; clk          ; clk         ; 1.000        ; 0.139      ; 1.686      ;
; -0.548 ; ender[3]  ; ender[0] ; clk          ; clk         ; 1.000        ; -0.041     ; 1.494      ;
; -0.548 ; ender[3]  ; ender[1] ; clk          ; clk         ; 1.000        ; -0.041     ; 1.494      ;
; -0.548 ; ender[3]  ; ender[2] ; clk          ; clk         ; 1.000        ; -0.041     ; 1.494      ;
; -0.548 ; ender[3]  ; ender[3] ; clk          ; clk         ; 1.000        ; -0.041     ; 1.494      ;
; -0.541 ; ender[1]  ; ender[7] ; clk          ; clk         ; 1.000        ; 0.140      ; 1.668      ;
; -0.532 ; sor[5]    ; ender[7] ; clk          ; clk         ; 1.000        ; 0.139      ; 1.658      ;
; -0.530 ; ender[6]  ; ender[0] ; clk          ; clk         ; 1.000        ; -0.041     ; 1.476      ;
; -0.530 ; ender[6]  ; ender[1] ; clk          ; clk         ; 1.000        ; -0.041     ; 1.476      ;
; -0.530 ; ender[6]  ; ender[2] ; clk          ; clk         ; 1.000        ; -0.041     ; 1.476      ;
; -0.530 ; ender[6]  ; ender[3] ; clk          ; clk         ; 1.000        ; -0.041     ; 1.476      ;
+--------+-----------+----------+--------------+-------------+--------------+------------+------------+


+-----------------------------------------------------------------------------------------------------------------------------------+
; Fast 1200mV 0C Model Hold: 'clk'                                                                                                  ;
+-------+--------------------------+--------------------------+--------------+-------------+--------------+------------+------------+
; Slack ; From Node                ; To Node                  ; Launch Clock ; Latch Clock ; Relationship ; Clock Skew ; Data Delay ;
+-------+--------------------------+--------------------------+--------------+-------------+--------------+------------+------------+
; 0.181 ; current_state.IDLE       ; current_state.IDLE       ; clk          ; clk         ; 0.000        ; 0.042      ; 0.307      ;
; 0.181 ; counter[1]               ; counter[1]               ; clk          ; clk         ; 0.000        ; 0.042      ; 0.307      ;
; 0.181 ; counter[0]               ; counter[0]               ; clk          ; clk         ; 0.000        ; 0.042      ; 0.307      ;
; 0.181 ; counter[2]               ; counter[2]               ; clk          ; clk         ; 0.000        ; 0.042      ; 0.307      ;
; 0.184 ; quotient_reg[2]          ; quotient_reg[1]          ; clk          ; clk         ; 0.000        ; 0.050      ; 0.318      ;
; 0.184 ; quotient_reg[3]          ; quotient_reg[2]          ; clk          ; clk         ; 0.000        ; 0.050      ; 0.318      ;
; 0.186 ; quotient_reg[1]          ; quotient_reg[0]          ; clk          ; clk         ; 0.000        ; 0.050      ; 0.320      ;
; 0.211 ; counter[1]               ; current_state.DONE_STATE ; clk          ; clk         ; 0.000        ; 0.042      ; 0.337      ;
; 0.248 ; current_state.SUBTRACT   ; quotient_reg[3]          ; clk          ; clk         ; 0.000        ; 0.232      ; 0.564      ;
; 0.248 ; current_state.SUBTRACT   ; quotient_reg[0]          ; clk          ; clk         ; 0.000        ; 0.232      ; 0.564      ;
; 0.250 ; current_state.SUBTRACT   ; quotient_reg[2]          ; clk          ; clk         ; 0.000        ; 0.232      ; 0.566      ;
; 0.252 ; current_state.SUBTRACT   ; quotient_reg[1]          ; clk          ; clk         ; 0.000        ; 0.232      ; 0.568      ;
; 0.262 ; sor[3]                   ; sor[2]                   ; clk          ; clk         ; 0.000        ; 0.042      ; 0.388      ;
; 0.277 ; current_state.DONE_STATE ; done~reg0                ; clk          ; clk         ; 0.000        ; 0.042      ; 0.403      ;
; 0.278 ; current_state.SUBTRACT   ; ender[7]                 ; clk          ; clk         ; 0.000        ; 0.232      ; 0.594      ;
; 0.304 ; sor[1]                   ; sor[0]                   ; clk          ; clk         ; 0.000        ; 0.042      ; 0.430      ;
; 0.304 ; sor[7]                   ; sor[6]                   ; clk          ; clk         ; 0.000        ; 0.042      ; 0.430      ;
; 0.305 ; sor[6]                   ; sor[5]                   ; clk          ; clk         ; 0.000        ; 0.042      ; 0.431      ;
; 0.309 ; current_state.IDLE       ; current_state.LOAD       ; clk          ; clk         ; 0.000        ; 0.042      ; 0.435      ;
; 0.320 ; current_state.SHIFT      ; counter[0]               ; clk          ; clk         ; 0.000        ; 0.042      ; 0.446      ;
; 0.328 ; current_state.SHIFT      ; current_state.DONE_STATE ; clk          ; clk         ; 0.000        ; 0.042      ; 0.454      ;
; 0.336 ; counter[0]               ; current_state.DONE_STATE ; clk          ; clk         ; 0.000        ; 0.042      ; 0.462      ;
; 0.336 ; counter[2]               ; current_state.DONE_STATE ; clk          ; clk         ; 0.000        ; 0.042      ; 0.462      ;
; 0.340 ; current_state.CHECK      ; current_state.SUBTRACT   ; clk          ; clk         ; 0.000        ; 0.042      ; 0.466      ;
; 0.360 ; current_state.SUBTRACT   ; counter[0]               ; clk          ; clk         ; 0.000        ; 0.042      ; 0.486      ;
; 0.361 ; ender[1]                 ; quotient[1]~reg0         ; clk          ; clk         ; 0.000        ; 0.042      ; 0.487      ;
; 0.362 ; current_state.SUBTRACT   ; counter[2]               ; clk          ; clk         ; 0.000        ; 0.042      ; 0.488      ;
; 0.367 ; sor[4]                   ; sor[3]                   ; clk          ; clk         ; 0.000        ; 0.042      ; 0.493      ;
; 0.367 ; current_state.SUBTRACT   ; current_state.SHIFT      ; clk          ; clk         ; 0.000        ; 0.042      ; 0.493      ;
; 0.370 ; quotient_reg[0]          ; remi[3]~reg0             ; clk          ; clk         ; 0.000        ; -0.140     ; 0.314      ;
; 0.374 ; quotient_reg[2]          ; remi[1]~reg0             ; clk          ; clk         ; 0.000        ; -0.140     ; 0.318      ;
; 0.374 ; quotient_reg[3]          ; remi[0]~reg0             ; clk          ; clk         ; 0.000        ; -0.140     ; 0.318      ;
; 0.376 ; sor[2]                   ; sor[1]                   ; clk          ; clk         ; 0.000        ; 0.042      ; 0.502      ;
; 0.376 ; current_state.LOAD       ; current_state.CHECK      ; clk          ; clk         ; 0.000        ; 0.042      ; 0.502      ;
; 0.377 ; quotient_reg[1]          ; remi[2]~reg0             ; clk          ; clk         ; 0.000        ; -0.140     ; 0.321      ;
; 0.388 ; current_state.CHECK      ; counter[0]               ; clk          ; clk         ; 0.000        ; 0.042      ; 0.514      ;
; 0.389 ; current_state.DONE_STATE ; current_state.IDLE       ; clk          ; clk         ; 0.000        ; 0.042      ; 0.515      ;
; 0.390 ; current_state.CHECK      ; counter[2]               ; clk          ; clk         ; 0.000        ; 0.042      ; 0.516      ;
; 0.395 ; current_state.SHIFT      ; sor[2]                   ; clk          ; clk         ; 0.000        ; 0.043      ; 0.522      ;
; 0.395 ; current_state.SHIFT      ; sor[3]                   ; clk          ; clk         ; 0.000        ; 0.043      ; 0.522      ;
; 0.397 ; current_state.SHIFT      ; sor[6]                   ; clk          ; clk         ; 0.000        ; 0.043      ; 0.524      ;
; 0.397 ; current_state.SHIFT      ; sor[5]                   ; clk          ; clk         ; 0.000        ; 0.043      ; 0.524      ;
; 0.397 ; current_state.SHIFT      ; sor[1]                   ; clk          ; clk         ; 0.000        ; 0.043      ; 0.524      ;
; 0.398 ; current_state.SHIFT      ; sor[0]                   ; clk          ; clk         ; 0.000        ; 0.043      ; 0.525      ;
; 0.400 ; current_state.SUBTRACT   ; ender[6]                 ; clk          ; clk         ; 0.000        ; 0.042      ; 0.526      ;
; 0.401 ; current_state.SUBTRACT   ; ender[4]                 ; clk          ; clk         ; 0.000        ; 0.042      ; 0.527      ;
; 0.401 ; current_state.SUBTRACT   ; ender[5]                 ; clk          ; clk         ; 0.000        ; 0.042      ; 0.527      ;
; 0.407 ; current_state.SUBTRACT   ; ender[3]                 ; clk          ; clk         ; 0.000        ; 0.042      ; 0.533      ;
; 0.408 ; current_state.SUBTRACT   ; ender[0]                 ; clk          ; clk         ; 0.000        ; 0.042      ; 0.534      ;
; 0.408 ; current_state.SUBTRACT   ; ender[1]                 ; clk          ; clk         ; 0.000        ; 0.042      ; 0.534      ;
; 0.441 ; sor[7]                   ; ender[7]                 ; clk          ; clk         ; 0.000        ; 0.231      ; 0.756      ;
; 0.465 ; counter[1]               ; counter[2]               ; clk          ; clk         ; 0.000        ; 0.042      ; 0.591      ;
; 0.473 ; current_state.DONE_STATE ; counter[0]               ; clk          ; clk         ; 0.000        ; 0.042      ; 0.599      ;
; 0.473 ; current_state.SHIFT      ; counter[1]               ; clk          ; clk         ; 0.000        ; 0.042      ; 0.599      ;
; 0.477 ; current_state.DONE_STATE ; counter[2]               ; clk          ; clk         ; 0.000        ; 0.042      ; 0.603      ;
; 0.488 ; counter[0]               ; counter[1]               ; clk          ; clk         ; 0.000        ; 0.042      ; 0.614      ;
; 0.492 ; current_state.DONE_STATE ; counter[1]               ; clk          ; clk         ; 0.000        ; 0.042      ; 0.618      ;
; 0.518 ; counter[1]               ; current_state.CHECK      ; clk          ; clk         ; 0.000        ; 0.042      ; 0.644      ;
; 0.524 ; sor[3]                   ; ender[3]                 ; clk          ; clk         ; 0.000        ; 0.041      ; 0.649      ;
; 0.524 ; sor[1]                   ; ender[1]                 ; clk          ; clk         ; 0.000        ; 0.041      ; 0.649      ;
; 0.538 ; sor[7]                   ; quotient_reg[3]          ; clk          ; clk         ; 0.000        ; 0.231      ; 0.853      ;
; 0.539 ; sor[6]                   ; ender[6]                 ; clk          ; clk         ; 0.000        ; 0.041      ; 0.664      ;
; 0.545 ; current_state.IDLE       ; quotient_reg[0]          ; clk          ; clk         ; 0.000        ; 0.232      ; 0.861      ;
; 0.545 ; current_state.IDLE       ; quotient_reg[1]          ; clk          ; clk         ; 0.000        ; 0.232      ; 0.861      ;
; 0.545 ; current_state.IDLE       ; quotient_reg[2]          ; clk          ; clk         ; 0.000        ; 0.232      ; 0.861      ;
; 0.545 ; current_state.IDLE       ; quotient_reg[3]          ; clk          ; clk         ; 0.000        ; 0.232      ; 0.861      ;
; 0.573 ; current_state.SHIFT      ; counter[2]               ; clk          ; clk         ; 0.000        ; 0.042      ; 0.699      ;
; 0.586 ; counter[2]               ; current_state.CHECK      ; clk          ; clk         ; 0.000        ; 0.042      ; 0.712      ;
; 0.587 ; counter[0]               ; counter[2]               ; clk          ; clk         ; 0.000        ; 0.042      ; 0.713      ;
; 0.589 ; sor[6]                   ; ender[7]                 ; clk          ; clk         ; 0.000        ; 0.231      ; 0.904      ;
; 0.595 ; sor[4]                   ; ender[4]                 ; clk          ; clk         ; 0.000        ; 0.041      ; 0.720      ;
; 0.596 ; current_state.SHIFT      ; current_state.CHECK      ; clk          ; clk         ; 0.000        ; 0.042      ; 0.722      ;
; 0.607 ; ender[3]                 ; ender[3]                 ; clk          ; clk         ; 0.000        ; 0.041      ; 0.732      ;
; 0.616 ; ender[0]                 ; ender[0]                 ; clk          ; clk         ; 0.000        ; 0.041      ; 0.741      ;
; 0.619 ; sor[0]                   ; ender[0]                 ; clk          ; clk         ; 0.000        ; 0.041      ; 0.744      ;
; 0.639 ; counter[0]               ; current_state.CHECK      ; clk          ; clk         ; 0.000        ; 0.042      ; 0.765      ;
; 0.643 ; ender[7]                 ; quotient_reg[3]          ; clk          ; clk         ; 0.000        ; 0.050      ; 0.777      ;
; 0.644 ; current_state.DONE_STATE ; quotient[0]~reg0         ; clk          ; clk         ; 0.000        ; 0.043      ; 0.771      ;
; 0.644 ; current_state.DONE_STATE ; quotient[3]~reg0         ; clk          ; clk         ; 0.000        ; 0.043      ; 0.771      ;
; 0.644 ; current_state.DONE_STATE ; quotient[2]~reg0         ; clk          ; clk         ; 0.000        ; 0.043      ; 0.771      ;
; 0.644 ; current_state.DONE_STATE ; quotient[1]~reg0         ; clk          ; clk         ; 0.000        ; 0.043      ; 0.771      ;
; 0.651 ; ender[6]                 ; quotient_reg[3]          ; clk          ; clk         ; 0.000        ; 0.231      ; 0.966      ;
; 0.658 ; current_state.DONE_STATE ; remi[3]~reg0             ; clk          ; clk         ; 0.000        ; 0.042      ; 0.784      ;
; 0.658 ; current_state.DONE_STATE ; remi[2]~reg0             ; clk          ; clk         ; 0.000        ; 0.042      ; 0.784      ;
; 0.658 ; current_state.DONE_STATE ; remi[1]~reg0             ; clk          ; clk         ; 0.000        ; 0.042      ; 0.784      ;
; 0.658 ; current_state.DONE_STATE ; remi[0]~reg0             ; clk          ; clk         ; 0.000        ; 0.042      ; 0.784      ;
; 0.664 ; ender[5]                 ; quotient_reg[3]          ; clk          ; clk         ; 0.000        ; 0.231      ; 0.979      ;
; 0.665 ; sor[3]                   ; ender[7]                 ; clk          ; clk         ; 0.000        ; 0.231      ; 0.980      ;
; 0.668 ; sor[5]                   ; ender[7]                 ; clk          ; clk         ; 0.000        ; 0.231      ; 0.983      ;
; 0.669 ; current_state.LOAD       ; sor[7]                   ; clk          ; clk         ; 0.000        ; 0.043      ; 0.796      ;
; 0.685 ; ender[7]                 ; ender[7]                 ; clk          ; clk         ; 0.000        ; 0.050      ; 0.819      ;
; 0.686 ; sor[1]                   ; ender[3]                 ; clk          ; clk         ; 0.000        ; 0.041      ; 0.811      ;
; 0.686 ; ender[1]                 ; ender[1]                 ; clk          ; clk         ; 0.000        ; 0.041      ; 0.811      ;
; 0.686 ; ender[4]                 ; ender[4]                 ; clk          ; clk         ; 0.000        ; 0.041      ; 0.811      ;
; 0.693 ; sor[3]                   ; ender[4]                 ; clk          ; clk         ; 0.000        ; 0.041      ; 0.818      ;
; 0.706 ; ender[5]                 ; ender[5]                 ; clk          ; clk         ; 0.000        ; 0.041      ; 0.831      ;
; 0.709 ; sor[5]                   ; ender[5]                 ; clk          ; clk         ; 0.000        ; 0.041      ; 0.834      ;
; 0.712 ; sor[4]                   ; ender[7]                 ; clk          ; clk         ; 0.000        ; 0.231      ; 1.027      ;
; 0.715 ; ender[5]                 ; ender[7]                 ; clk          ; clk         ; 0.000        ; 0.231      ; 1.030      ;
; 0.716 ; ender[4]                 ; quotient_reg[3]          ; clk          ; clk         ; 0.000        ; 0.231      ; 1.031      ;
+-------+--------------------------+--------------------------+--------------+-------------+--------------+------------+------------+


----------------------------------------------
; Fast 1200mV 0C Model Metastability Summary ;
----------------------------------------------
No synchronizer chains to report.


+-------------------------------------------------------------------------------+
; Multicorner Timing Analysis Summary                                           ;
+------------------+---------+-------+----------+---------+---------------------+
; Clock            ; Setup   ; Hold  ; Recovery ; Removal ; Minimum Pulse Width ;
+------------------+---------+-------+----------+---------+---------------------+
; Worst-case Slack ; -2.733  ; 0.181 ; N/A      ; N/A     ; -3.000              ;
;  clk             ; -2.733  ; 0.181 ; N/A      ; N/A     ; -3.000              ;
; Design-wide TNS  ; -50.033 ; 0.0   ; 0.0      ; 0.0     ; -51.83              ;
;  clk             ; -50.033 ; 0.000 ; N/A      ; N/A     ; -51.830             ;
+------------------+---------+-------+----------+---------+---------------------+


+---------------------------------------------------------------------------------------------------------------------------------------------------------------------------------------------------------------------------------------------------------------------------------------------------------------------------------------------------------------------------------------------------------------------+
; Board Trace Model Assignments                                                                                                                                                                                                                                                                                                                                                                                       ;
+------------------+--------------+-------------------+-------------------------+-------------------------+---------------+---------------------+----------------+------------------+--------+------------------+------------------------+------------------------+--------------+---------------+-----------------+-------+---------------------+--------------------+---------------+-----------------+-------------+
; Pin              ; I/O Standard ; Near Tline Length ; Near Tline L per Length ; Near Tline C per Length ; Near Series R ; Near Differential R ; Near Pull-up R ; Near Pull-down R ; Near C ; Far Tline Length ; Far Tline L per Length ; Far Tline C per Length ; Far Series R ; Far Pull-up R ; Far Pull-down R ; Far C ; Termination Voltage ; Far Differential R ; EBD File Name ; EBD Signal Name ; EBD Far-end ;
+------------------+--------------+-------------------+-------------------------+-------------------------+---------------+---------------------+----------------+------------------+--------+------------------+------------------------+------------------------+--------------+---------------+-----------------+-------+---------------------+--------------------+---------------+-----------------+-------------+
; quotient[0]      ; 2.5 V        ; 0 in              ; 0 H/in                  ; 0 F/in                  ; short         ; -                   ; open           ; open             ; open   ; 0 in             ; 0 H/in                 ; 0 F/in                 ; short        ; open          ; open            ; open  ; 0 V                 ; -                  ; n/a           ; n/a             ; n/a         ;
; quotient[1]      ; 2.5 V        ; 0 in              ; 0 H/in                  ; 0 F/in                  ; short         ; -                   ; open           ; open             ; open   ; 0 in             ; 0 H/in                 ; 0 F/in                 ; short        ; open          ; open            ; open  ; 0 V                 ; -                  ; n/a           ; n/a             ; n/a         ;
; quotient[2]      ; 2.5 V        ; 0 in              ; 0 H/in                  ; 0 F/in                  ; short         ; -                   ; open           ; open             ; open   ; 0 in             ; 0 H/in                 ; 0 F/in                 ; short        ; open          ; open            ; open  ; 0 V                 ; -                  ; n/a           ; n/a             ; n/a         ;
; quotient[3]      ; 2.5 V        ; 0 in              ; 0 H/in                  ; 0 F/in                  ; short         ; -                   ; open           ; open             ; open   ; 0 in             ; 0 H/in                 ; 0 F/in                 ; short        ; open          ; open            ; open  ; 0 V                 ; -                  ; n/a           ; n/a             ; n/a         ;
; remi[0]          ; 2.5 V        ; 0 in              ; 0 H/in                  ; 0 F/in                  ; short         ; -                   ; open           ; open             ; open   ; 0 in             ; 0 H/in                 ; 0 F/in                 ; short        ; open          ; open            ; open  ; 0 V                 ; -                  ; n/a           ; n/a             ; n/a         ;
; remi[1]          ; 2.5 V        ; 0 in              ; 0 H/in                  ; 0 F/in                  ; short         ; -                   ; open           ; open             ; open   ; 0 in             ; 0 H/in                 ; 0 F/in                 ; short        ; open          ; open            ; open  ; 0 V                 ; -                  ; n/a           ; n/a             ; n/a         ;
; remi[2]          ; 2.5 V        ; 0 in              ; 0 H/in                  ; 0 F/in                  ; short         ; -                   ; open           ; open             ; open   ; 0 in             ; 0 H/in                 ; 0 F/in                 ; short        ; open          ; open            ; open  ; 0 V                 ; -                  ; n/a           ; n/a             ; n/a         ;
; remi[3]          ; 2.5 V        ; 0 in              ; 0 H/in                  ; 0 F/in                  ; short         ; -                   ; open           ; open             ; open   ; 0 in             ; 0 H/in                 ; 0 F/in                 ; short        ; open          ; open            ; open  ; 0 V                 ; -                  ; n/a           ; n/a             ; n/a         ;
; done             ; 2.5 V        ; 0 in              ; 0 H/in                  ; 0 F/in                  ; short         ; -                   ; open           ; open             ; open   ; 0 in             ; 0 H/in                 ; 0 F/in                 ; short        ; open          ; open            ; open  ; 0 V                 ; -                  ; n/a           ; n/a             ; n/a         ;
; debug_state[0]   ; 2.5 V        ; 0 in              ; 0 H/in                  ; 0 F/in                  ; short         ; -                   ; open           ; open             ; open   ; 0 in             ; 0 H/in                 ; 0 F/in                 ; short        ; open          ; open            ; open  ; 0 V                 ; -                  ; n/a           ; n/a             ; n/a         ;
; debug_state[1]   ; 2.5 V        ; 0 in              ; 0 H/in                  ; 0 F/in                  ; short         ; -                   ; open           ; open             ; open   ; 0 in             ; 0 H/in                 ; 0 F/in                 ; short        ; open          ; open            ; open  ; 0 V                 ; -                  ; n/a           ; n/a             ; n/a         ;
; debug_state[2]   ; 2.5 V        ; 0 in              ; 0 H/in                  ; 0 F/in                  ; short         ; -                   ; open           ; open             ; open   ; 0 in             ; 0 H/in                 ; 0 F/in                 ; short        ; open          ; open            ; open  ; 0 V                 ; -                  ; n/a           ; n/a             ; n/a         ;
; debug_counter[0] ; 2.5 V        ; 0 in              ; 0 H/in                  ; 0 F/in                  ; short         ; -                   ; open           ; open             ; open   ; 0 in             ; 0 H/in                 ; 0 F/in                 ; short        ; open          ; open            ; open  ; 0 V                 ; -                  ; n/a           ; n/a             ; n/a         ;
; debug_counter[1] ; 2.5 V        ; 0 in              ; 0 H/in                  ; 0 F/in                  ; short         ; -                   ; open           ; open             ; open   ; 0 in             ; 0 H/in                 ; 0 F/in                 ; short        ; open          ; open            ; open  ; 0 V                 ; -                  ; n/a           ; n/a             ; n/a         ;
; debug_counter[2] ; 2.5 V        ; 0 in              ; 0 H/in                  ; 0 F/in                  ; short         ; -                   ; open           ; open             ; open   ; 0 in             ; 0 H/in                 ; 0 F/in                 ; short        ; open          ; open            ; open  ; 0 V                 ; -                  ; n/a           ; n/a             ; n/a         ;
; ~ALTERA_DCLK~    ; 2.5 V        ; 0 in              ; 0 H/in                  ; 0 F/in                  ; short         ; -                   ; open           ; open             ; open   ; 0 in             ; 0 H/in                 ; 0 F/in                 ; short        ; open          ; open            ; open  ; 0 V                 ; -                  ; n/a           ; n/a             ; n/a         ;
; ~ALTERA_nCEO~    ; 2.5 V        ; 0 in              ; 0 H/in                  ; 0 F/in                  ; short         ; -                   ; open           ; open             ; open   ; 0 in             ; 0 H/in                 ; 0 F/in                 ; short        ; open          ; open            ; open  ; 0 V                 ; -                  ; n/a           ; n/a             ; n/a         ;
+------------------+--------------+-------------------+-------------------------+-------------------------+---------------+---------------------+----------------+------------------+--------+------------------+------------------------+------------------------+--------------+---------------+-----------------+-------+---------------------+--------------------+---------------+-----------------+-------------+


+----------------------------------------------------------------------------+
; Input Transition Times                                                     ;
+-------------------------+--------------+-----------------+-----------------+
; Pin                     ; I/O Standard ; 10-90 Rise Time ; 90-10 Fall Time ;
+-------------------------+--------------+-----------------+-----------------+
; clk                     ; 2.5 V        ; 2000 ps         ; 2000 ps         ;
; reset                   ; 2.5 V        ; 2000 ps         ; 2000 ps         ;
; start                   ; 2.5 V        ; 2000 ps         ; 2000 ps         ;
; dividend[0]             ; 2.5 V        ; 2000 ps         ; 2000 ps         ;
; dividend[1]             ; 2.5 V        ; 2000 ps         ; 2000 ps         ;
; dividend[2]             ; 2.5 V        ; 2000 ps         ; 2000 ps         ;
; dividend[3]             ; 2.5 V        ; 2000 ps         ; 2000 ps         ;
; divisor[3]              ; 2.5 V        ; 2000 ps         ; 2000 ps         ;
; divisor[2]              ; 2.5 V        ; 2000 ps         ; 2000 ps         ;
; divisor[1]              ; 2.5 V        ; 2000 ps         ; 2000 ps         ;
; divisor[0]              ; 2.5 V        ; 2000 ps         ; 2000 ps         ;
; ~ALTERA_ASDO_DATA1~     ; 2.5 V        ; 2000 ps         ; 2000 ps         ;
; ~ALTERA_FLASH_nCE_nCSO~ ; 2.5 V        ; 2000 ps         ; 2000 ps         ;
; ~ALTERA_DATA0~          ; 2.5 V        ; 2000 ps         ; 2000 ps         ;
+-------------------------+--------------+-----------------+-----------------+


+-----------------------------------------------------------------------------------------------------------------------------------------------------------------------------------------------------------------------------------------------------------------------------------------------------------------------------------------------------------------------------------------------------------------------------------------------------------------------------------------------------------------------------------------------------------------------------------------------------------------------------------------------------------------------------------------------+
; Signal Integrity Metrics (Slow 1200mv 0c Model)                                                                                                                                                                                                                                                                                                                                                                                                                                                                                                                                                                                                                                               ;
+------------------+--------------+---------------------+---------------------+------------------------------+------------------------------+---------------------+---------------------+--------------------------------------+--------------------------------------+-----------------------------+-----------------------------+----------------------------+----------------------------+-----------------------------+-----------------------------+--------------------+--------------------+-------------------------------------+-------------------------------------+----------------------------+----------------------------+---------------------------+---------------------------+
; Pin              ; I/O Standard ; Board Delay on Rise ; Board Delay on Fall ; Steady State Voh at FPGA Pin ; Steady State Vol at FPGA Pin ; Voh Max at FPGA Pin ; Vol Min at FPGA Pin ; Ringback Voltage on Rise at FPGA Pin ; Ringback Voltage on Fall at FPGA Pin ; 10-90 Rise Time at FPGA Pin ; 90-10 Fall Time at FPGA Pin ; Monotonic Rise at FPGA Pin ; Monotonic Fall at FPGA Pin ; Steady State Voh at Far-end ; Steady State Vol at Far-end ; Voh Max at Far-end ; Vol Min at Far-end ; Ringback Voltage on Rise at Far-end ; Ringback Voltage on Fall at Far-end ; 10-90 Rise Time at Far-end ; 90-10 Fall Time at Far-end ; Monotonic Rise at Far-end ; Monotonic Fall at Far-end ;
+------------------+--------------+---------------------+---------------------+------------------------------+------------------------------+---------------------+---------------------+--------------------------------------+--------------------------------------+-----------------------------+-----------------------------+----------------------------+----------------------------+-----------------------------+-----------------------------+--------------------+--------------------+-------------------------------------+-------------------------------------+----------------------------+----------------------------+---------------------------+---------------------------+
; quotient[0]      ; 2.5 V        ; 0 s                 ; 0 s                 ; 2.32 V                       ; 4.49e-09 V                   ; 2.38 V              ; -0.00552 V          ; 0.096 V                              ; 0.019 V                              ; 4.18e-10 s                  ; 3.59e-10 s                  ; No                         ; Yes                        ; 2.32 V                      ; 4.49e-09 V                  ; 2.38 V             ; -0.00552 V         ; 0.096 V                             ; 0.019 V                             ; 4.18e-10 s                 ; 3.59e-10 s                 ; No                        ; Yes                       ;
; quotient[1]      ; 2.5 V        ; 0 s                 ; 0 s                 ; 2.32 V                       ; 3.07e-09 V                   ; 2.37 V              ; -0.00994 V          ; 0.186 V                              ; 0.028 V                              ; 4.98e-10 s                  ; 4.96e-10 s                  ; Yes                        ; Yes                        ; 2.32 V                      ; 3.07e-09 V                  ; 2.37 V             ; -0.00994 V         ; 0.186 V                             ; 0.028 V                             ; 4.98e-10 s                 ; 4.96e-10 s                 ; Yes                       ; Yes                       ;
; quotient[2]      ; 2.5 V        ; 0 s                 ; 0 s                 ; 2.32 V                       ; 3.07e-09 V                   ; 2.37 V              ; -0.00994 V          ; 0.186 V                              ; 0.028 V                              ; 4.98e-10 s                  ; 4.96e-10 s                  ; Yes                        ; Yes                        ; 2.32 V                      ; 3.07e-09 V                  ; 2.37 V             ; -0.00994 V         ; 0.186 V                             ; 0.028 V                             ; 4.98e-10 s                 ; 4.96e-10 s                 ; Yes                       ; Yes                       ;
; quotient[3]      ; 2.5 V        ; 0 s                 ; 0 s                 ; 2.32 V                       ; 4.49e-09 V                   ; 2.38 V              ; -0.00552 V          ; 0.096 V                              ; 0.019 V                              ; 4.18e-10 s                  ; 3.59e-10 s                  ; No                         ; Yes                        ; 2.32 V                      ; 4.49e-09 V                  ; 2.38 V             ; -0.00552 V         ; 0.096 V                             ; 0.019 V                             ; 4.18e-10 s                 ; 3.59e-10 s                 ; No                        ; Yes                       ;
; remi[0]          ; 2.5 V        ; 0 s                 ; 0 s                 ; 2.32 V                       ; 4.49e-09 V                   ; 2.38 V              ; -0.00552 V          ; 0.096 V                              ; 0.019 V                              ; 4.18e-10 s                  ; 3.59e-10 s                  ; No                         ; Yes                        ; 2.32 V                      ; 4.49e-09 V                  ; 2.38 V             ; -0.00552 V         ; 0.096 V                             ; 0.019 V                             ; 4.18e-10 s                 ; 3.59e-10 s                 ; No                        ; Yes                       ;
; remi[1]          ; 2.5 V        ; 0 s                 ; 0 s                 ; 2.32 V                       ; 4.49e-09 V                   ; 2.38 V              ; -0.00552 V          ; 0.096 V                              ; 0.019 V                              ; 4.18e-10 s                  ; 3.59e-10 s                  ; No                         ; Yes                        ; 2.32 V                      ; 4.49e-09 V                  ; 2.38 V             ; -0.00552 V         ; 0.096 V                             ; 0.019 V                             ; 4.18e-10 s                 ; 3.59e-10 s                 ; No                        ; Yes                       ;
; remi[2]          ; 2.5 V        ; 0 s                 ; 0 s                 ; 2.32 V                       ; 4.49e-09 V                   ; 2.38 V              ; -0.00552 V          ; 0.096 V                              ; 0.019 V                              ; 4.18e-10 s                  ; 3.59e-10 s                  ; No                         ; Yes                        ; 2.32 V                      ; 4.49e-09 V                  ; 2.38 V             ; -0.00552 V         ; 0.096 V                             ; 0.019 V                             ; 4.18e-10 s                 ; 3.59e-10 s                 ; No                        ; Yes                       ;
; remi[3]          ; 2.5 V        ; 0 s                 ; 0 s                 ; 2.32 V                       ; 4.49e-09 V                   ; 2.38 V              ; -0.00552 V          ; 0.096 V                              ; 0.019 V                              ; 4.18e-10 s                  ; 3.59e-10 s                  ; No                         ; Yes                        ; 2.32 V                      ; 4.49e-09 V                  ; 2.38 V             ; -0.00552 V         ; 0.096 V                             ; 0.019 V                             ; 4.18e-10 s                 ; 3.59e-10 s                 ; No                        ; Yes                       ;
; done             ; 2.5 V        ; 0 s                 ; 0 s                 ; 2.32 V                       ; 3.07e-09 V                   ; 2.37 V              ; -0.00994 V          ; 0.186 V                              ; 0.028 V                              ; 4.98e-10 s                  ; 4.96e-10 s                  ; Yes                        ; Yes                        ; 2.32 V                      ; 3.07e-09 V                  ; 2.37 V             ; -0.00994 V         ; 0.186 V                             ; 0.028 V                             ; 4.98e-10 s                 ; 4.96e-10 s                 ; Yes                       ; Yes                       ;
; debug_state[0]   ; 2.5 V        ; 0 s                 ; 0 s                 ; 2.32 V                       ; 4.49e-09 V                   ; 2.38 V              ; -0.00552 V          ; 0.096 V                              ; 0.019 V                              ; 4.18e-10 s                  ; 3.59e-10 s                  ; No                         ; Yes                        ; 2.32 V                      ; 4.49e-09 V                  ; 2.38 V             ; -0.00552 V         ; 0.096 V                             ; 0.019 V                             ; 4.18e-10 s                 ; 3.59e-10 s                 ; No                        ; Yes                       ;
; debug_state[1]   ; 2.5 V        ; 0 s                 ; 0 s                 ; 2.32 V                       ; 3.07e-09 V                   ; 2.37 V              ; -0.00994 V          ; 0.186 V                              ; 0.028 V                              ; 4.98e-10 s                  ; 4.96e-10 s                  ; Yes                        ; Yes                        ; 2.32 V                      ; 3.07e-09 V                  ; 2.37 V             ; -0.00994 V         ; 0.186 V                             ; 0.028 V                             ; 4.98e-10 s                 ; 4.96e-10 s                 ; Yes                       ; Yes                       ;
; debug_state[2]   ; 2.5 V        ; 0 s                 ; 0 s                 ; 2.32 V                       ; 3.07e-09 V                   ; 2.37 V              ; -0.00994 V          ; 0.186 V                              ; 0.028 V                              ; 4.98e-10 s                  ; 4.96e-10 s                  ; Yes                        ; Yes                        ; 2.32 V                      ; 3.07e-09 V                  ; 2.37 V             ; -0.00994 V         ; 0.186 V                             ; 0.028 V                             ; 4.98e-10 s                 ; 4.96e-10 s                 ; Yes                       ; Yes                       ;
; debug_counter[0] ; 2.5 V        ; 0 s                 ; 0 s                 ; 2.32 V                       ; 4.49e-09 V                   ; 2.38 V              ; -0.00552 V          ; 0.096 V                              ; 0.019 V                              ; 4.18e-10 s                  ; 3.59e-10 s                  ; No                         ; Yes                        ; 2.32 V                      ; 4.49e-09 V                  ; 2.38 V             ; -0.00552 V         ; 0.096 V                             ; 0.019 V                             ; 4.18e-10 s                 ; 3.59e-10 s                 ; No                        ; Yes                       ;
; debug_counter[1] ; 2.5 V        ; 0 s                 ; 0 s                 ; 2.32 V                       ; 4.49e-09 V                   ; 2.38 V              ; -0.00552 V          ; 0.096 V                              ; 0.019 V                              ; 4.18e-10 s                  ; 3.59e-10 s                  ; No                         ; Yes                        ; 2.32 V                      ; 4.49e-09 V                  ; 2.38 V             ; -0.00552 V         ; 0.096 V                             ; 0.019 V                             ; 4.18e-10 s                 ; 3.59e-10 s                 ; No                        ; Yes                       ;
; debug_counter[2] ; 2.5 V        ; 0 s                 ; 0 s                 ; 2.32 V                       ; 4.49e-09 V                   ; 2.38 V              ; -0.00552 V          ; 0.096 V                              ; 0.019 V                              ; 4.18e-10 s                  ; 3.59e-10 s                  ; No                         ; Yes                        ; 2.32 V                      ; 4.49e-09 V                  ; 2.38 V             ; -0.00552 V         ; 0.096 V                             ; 0.019 V                             ; 4.18e-10 s                 ; 3.59e-10 s                 ; No                        ; Yes                       ;
; ~ALTERA_DCLK~    ; 2.5 V        ; 0 s                 ; 0 s                 ; 2.32 V                       ; 2.67e-09 V                   ; 2.38 V              ; -0.0485 V           ; 0.167 V                              ; 0.096 V                              ; 2.95e-10 s                  ; 2.73e-10 s                  ; Yes                        ; Yes                        ; 2.32 V                      ; 2.67e-09 V                  ; 2.38 V             ; -0.0485 V          ; 0.167 V                             ; 0.096 V                             ; 2.95e-10 s                 ; 2.73e-10 s                 ; Yes                       ; Yes                       ;
; ~ALTERA_nCEO~    ; 2.5 V        ; 0 s                 ; 0 s                 ; 2.32 V                       ; 4.18e-09 V                   ; 2.38 V              ; -0.00483 V          ; 0.152 V                              ; 0.012 V                              ; 4.81e-10 s                  ; 6.29e-10 s                  ; Yes                        ; Yes                        ; 2.32 V                      ; 4.18e-09 V                  ; 2.38 V             ; -0.00483 V         ; 0.152 V                             ; 0.012 V                             ; 4.81e-10 s                 ; 6.29e-10 s                 ; Yes                       ; Yes                       ;
+------------------+--------------+---------------------+---------------------+------------------------------+------------------------------+---------------------+---------------------+--------------------------------------+--------------------------------------+-----------------------------+-----------------------------+----------------------------+----------------------------+-----------------------------+-----------------------------+--------------------+--------------------+-------------------------------------+-------------------------------------+----------------------------+----------------------------+---------------------------+---------------------------+


+-----------------------------------------------------------------------------------------------------------------------------------------------------------------------------------------------------------------------------------------------------------------------------------------------------------------------------------------------------------------------------------------------------------------------------------------------------------------------------------------------------------------------------------------------------------------------------------------------------------------------------------------------------------------------------------------------+
; Signal Integrity Metrics (Slow 1200mv 85c Model)                                                                                                                                                                                                                                                                                                                                                                                                                                                                                                                                                                                                                                              ;
+------------------+--------------+---------------------+---------------------+------------------------------+------------------------------+---------------------+---------------------+--------------------------------------+--------------------------------------+-----------------------------+-----------------------------+----------------------------+----------------------------+-----------------------------+-----------------------------+--------------------+--------------------+-------------------------------------+-------------------------------------+----------------------------+----------------------------+---------------------------+---------------------------+
; Pin              ; I/O Standard ; Board Delay on Rise ; Board Delay on Fall ; Steady State Voh at FPGA Pin ; Steady State Vol at FPGA Pin ; Voh Max at FPGA Pin ; Vol Min at FPGA Pin ; Ringback Voltage on Rise at FPGA Pin ; Ringback Voltage on Fall at FPGA Pin ; 10-90 Rise Time at FPGA Pin ; 90-10 Fall Time at FPGA Pin ; Monotonic Rise at FPGA Pin ; Monotonic Fall at FPGA Pin ; Steady State Voh at Far-end ; Steady State Vol at Far-end ; Voh Max at Far-end ; Vol Min at Far-end ; Ringback Voltage on Rise at Far-end ; Ringback Voltage on Fall at Far-end ; 10-90 Rise Time at Far-end ; 90-10 Fall Time at Far-end ; Monotonic Rise at Far-end ; Monotonic Fall at Far-end ;
+------------------+--------------+---------------------+---------------------+------------------------------+------------------------------+---------------------+---------------------+--------------------------------------+--------------------------------------+-----------------------------+-----------------------------+----------------------------+----------------------------+-----------------------------+-----------------------------+--------------------+--------------------+-------------------------------------+-------------------------------------+----------------------------+----------------------------+---------------------------+---------------------------+
; quotient[0]      ; 2.5 V        ; 0 s                 ; 0 s                 ; 2.32 V                       ; 6.92e-07 V                   ; 2.35 V              ; -0.00996 V          ; 0.121 V                              ; 0.03 V                               ; 4.64e-10 s                  ; 4.47e-10 s                  ; Yes                        ; Yes                        ; 2.32 V                      ; 6.92e-07 V                  ; 2.35 V             ; -0.00996 V         ; 0.121 V                             ; 0.03 V                              ; 4.64e-10 s                 ; 4.47e-10 s                 ; Yes                       ; Yes                       ;
; quotient[1]      ; 2.5 V        ; 0 s                 ; 0 s                 ; 2.32 V                       ; 4.67e-07 V                   ; 2.35 V              ; -0.00942 V          ; 0.116 V                              ; 0.033 V                              ; 6.66e-10 s                  ; 6.27e-10 s                  ; Yes                        ; Yes                        ; 2.32 V                      ; 4.67e-07 V                  ; 2.35 V             ; -0.00942 V         ; 0.116 V                             ; 0.033 V                             ; 6.66e-10 s                 ; 6.27e-10 s                 ; Yes                       ; Yes                       ;
; quotient[2]      ; 2.5 V        ; 0 s                 ; 0 s                 ; 2.32 V                       ; 4.67e-07 V                   ; 2.35 V              ; -0.00942 V          ; 0.116 V                              ; 0.033 V                              ; 6.66e-10 s                  ; 6.27e-10 s                  ; Yes                        ; Yes                        ; 2.32 V                      ; 4.67e-07 V                  ; 2.35 V             ; -0.00942 V         ; 0.116 V                             ; 0.033 V                             ; 6.66e-10 s                 ; 6.27e-10 s                 ; Yes                       ; Yes                       ;
; quotient[3]      ; 2.5 V        ; 0 s                 ; 0 s                 ; 2.32 V                       ; 6.92e-07 V                   ; 2.35 V              ; -0.00996 V          ; 0.121 V                              ; 0.03 V                               ; 4.64e-10 s                  ; 4.47e-10 s                  ; Yes                        ; Yes                        ; 2.32 V                      ; 6.92e-07 V                  ; 2.35 V             ; -0.00996 V         ; 0.121 V                             ; 0.03 V                              ; 4.64e-10 s                 ; 4.47e-10 s                 ; Yes                       ; Yes                       ;
; remi[0]          ; 2.5 V        ; 0 s                 ; 0 s                 ; 2.32 V                       ; 6.92e-07 V                   ; 2.35 V              ; -0.00996 V          ; 0.121 V                              ; 0.03 V                               ; 4.64e-10 s                  ; 4.47e-10 s                  ; Yes                        ; Yes                        ; 2.32 V                      ; 6.92e-07 V                  ; 2.35 V             ; -0.00996 V         ; 0.121 V                             ; 0.03 V                              ; 4.64e-10 s                 ; 4.47e-10 s                 ; Yes                       ; Yes                       ;
; remi[1]          ; 2.5 V        ; 0 s                 ; 0 s                 ; 2.32 V                       ; 6.92e-07 V                   ; 2.35 V              ; -0.00996 V          ; 0.121 V                              ; 0.03 V                               ; 4.64e-10 s                  ; 4.47e-10 s                  ; Yes                        ; Yes                        ; 2.32 V                      ; 6.92e-07 V                  ; 2.35 V             ; -0.00996 V         ; 0.121 V                             ; 0.03 V                              ; 4.64e-10 s                 ; 4.47e-10 s                 ; Yes                       ; Yes                       ;
; remi[2]          ; 2.5 V        ; 0 s                 ; 0 s                 ; 2.32 V                       ; 6.92e-07 V                   ; 2.35 V              ; -0.00996 V          ; 0.121 V                              ; 0.03 V                               ; 4.64e-10 s                  ; 4.47e-10 s                  ; Yes                        ; Yes                        ; 2.32 V                      ; 6.92e-07 V                  ; 2.35 V             ; -0.00996 V         ; 0.121 V                             ; 0.03 V                              ; 4.64e-10 s                 ; 4.47e-10 s                 ; Yes                       ; Yes                       ;
; remi[3]          ; 2.5 V        ; 0 s                 ; 0 s                 ; 2.32 V                       ; 6.92e-07 V                   ; 2.35 V              ; -0.00996 V          ; 0.121 V                              ; 0.03 V                               ; 4.64e-10 s                  ; 4.47e-10 s                  ; Yes                        ; Yes                        ; 2.32 V                      ; 6.92e-07 V                  ; 2.35 V             ; -0.00996 V         ; 0.121 V                             ; 0.03 V                              ; 4.64e-10 s                 ; 4.47e-10 s                 ; Yes                       ; Yes                       ;
; done             ; 2.5 V        ; 0 s                 ; 0 s                 ; 2.32 V                       ; 4.67e-07 V                   ; 2.35 V              ; -0.00942 V          ; 0.116 V                              ; 0.033 V                              ; 6.66e-10 s                  ; 6.27e-10 s                  ; Yes                        ; Yes                        ; 2.32 V                      ; 4.67e-07 V                  ; 2.35 V             ; -0.00942 V         ; 0.116 V                             ; 0.033 V                             ; 6.66e-10 s                 ; 6.27e-10 s                 ; Yes                       ; Yes                       ;
; debug_state[0]   ; 2.5 V        ; 0 s                 ; 0 s                 ; 2.32 V                       ; 6.92e-07 V                   ; 2.35 V              ; -0.00996 V          ; 0.121 V                              ; 0.03 V                               ; 4.64e-10 s                  ; 4.47e-10 s                  ; Yes                        ; Yes                        ; 2.32 V                      ; 6.92e-07 V                  ; 2.35 V             ; -0.00996 V         ; 0.121 V                             ; 0.03 V                              ; 4.64e-10 s                 ; 4.47e-10 s                 ; Yes                       ; Yes                       ;
; debug_state[1]   ; 2.5 V        ; 0 s                 ; 0 s                 ; 2.32 V                       ; 4.67e-07 V                   ; 2.35 V              ; -0.00942 V          ; 0.116 V                              ; 0.033 V                              ; 6.66e-10 s                  ; 6.27e-10 s                  ; Yes                        ; Yes                        ; 2.32 V                      ; 4.67e-07 V                  ; 2.35 V             ; -0.00942 V         ; 0.116 V                             ; 0.033 V                             ; 6.66e-10 s                 ; 6.27e-10 s                 ; Yes                       ; Yes                       ;
; debug_state[2]   ; 2.5 V        ; 0 s                 ; 0 s                 ; 2.32 V                       ; 4.67e-07 V                   ; 2.35 V              ; -0.00942 V          ; 0.116 V                              ; 0.033 V                              ; 6.66e-10 s                  ; 6.27e-10 s                  ; Yes                        ; Yes                        ; 2.32 V                      ; 4.67e-07 V                  ; 2.35 V             ; -0.00942 V         ; 0.116 V                             ; 0.033 V                             ; 6.66e-10 s                 ; 6.27e-10 s                 ; Yes                       ; Yes                       ;
; debug_counter[0] ; 2.5 V        ; 0 s                 ; 0 s                 ; 2.32 V                       ; 6.92e-07 V                   ; 2.35 V              ; -0.00996 V          ; 0.121 V                              ; 0.03 V                               ; 4.64e-10 s                  ; 4.47e-10 s                  ; Yes                        ; Yes                        ; 2.32 V                      ; 6.92e-07 V                  ; 2.35 V             ; -0.00996 V         ; 0.121 V                             ; 0.03 V                              ; 4.64e-10 s                 ; 4.47e-10 s                 ; Yes                       ; Yes                       ;
; debug_counter[1] ; 2.5 V        ; 0 s                 ; 0 s                 ; 2.32 V                       ; 6.92e-07 V                   ; 2.35 V              ; -0.00996 V          ; 0.121 V                              ; 0.03 V                               ; 4.64e-10 s                  ; 4.47e-10 s                  ; Yes                        ; Yes                        ; 2.32 V                      ; 6.92e-07 V                  ; 2.35 V             ; -0.00996 V         ; 0.121 V                             ; 0.03 V                              ; 4.64e-10 s                 ; 4.47e-10 s                 ; Yes                       ; Yes                       ;
; debug_counter[2] ; 2.5 V        ; 0 s                 ; 0 s                 ; 2.32 V                       ; 6.92e-07 V                   ; 2.35 V              ; -0.00996 V          ; 0.121 V                              ; 0.03 V                               ; 4.64e-10 s                  ; 4.47e-10 s                  ; Yes                        ; Yes                        ; 2.32 V                      ; 6.92e-07 V                  ; 2.35 V             ; -0.00996 V         ; 0.121 V                             ; 0.03 V                              ; 4.64e-10 s                 ; 4.47e-10 s                 ; Yes                       ; Yes                       ;
; ~ALTERA_DCLK~    ; 2.5 V        ; 0 s                 ; 0 s                 ; 2.32 V                       ; 3.75e-07 V                   ; 2.35 V              ; -0.0109 V           ; 0.084 V                              ; 0.027 V                              ; 4.31e-10 s                  ; 3.61e-10 s                  ; Yes                        ; Yes                        ; 2.32 V                      ; 3.75e-07 V                  ; 2.35 V             ; -0.0109 V          ; 0.084 V                             ; 0.027 V                             ; 4.31e-10 s                 ; 3.61e-10 s                 ; Yes                       ; Yes                       ;
; ~ALTERA_nCEO~    ; 2.5 V        ; 0 s                 ; 0 s                 ; 2.32 V                       ; 6.15e-07 V                   ; 2.35 V              ; -0.00712 V          ; 0.093 V                              ; 0.02 V                               ; 6.21e-10 s                  ; 7.9e-10 s                   ; Yes                        ; Yes                        ; 2.32 V                      ; 6.15e-07 V                  ; 2.35 V             ; -0.00712 V         ; 0.093 V                             ; 0.02 V                              ; 6.21e-10 s                 ; 7.9e-10 s                  ; Yes                       ; Yes                       ;
+------------------+--------------+---------------------+---------------------+------------------------------+------------------------------+---------------------+---------------------+--------------------------------------+--------------------------------------+-----------------------------+-----------------------------+----------------------------+----------------------------+-----------------------------+-----------------------------+--------------------+--------------------+-------------------------------------+-------------------------------------+----------------------------+----------------------------+---------------------------+---------------------------+


+-----------------------------------------------------------------------------------------------------------------------------------------------------------------------------------------------------------------------------------------------------------------------------------------------------------------------------------------------------------------------------------------------------------------------------------------------------------------------------------------------------------------------------------------------------------------------------------------------------------------------------------------------------------------------------------------------+
; Signal Integrity Metrics (Fast 1200mv 0c Model)                                                                                                                                                                                                                                                                                                                                                                                                                                                                                                                                                                                                                                               ;
+------------------+--------------+---------------------+---------------------+------------------------------+------------------------------+---------------------+---------------------+--------------------------------------+--------------------------------------+-----------------------------+-----------------------------+----------------------------+----------------------------+-----------------------------+-----------------------------+--------------------+--------------------+-------------------------------------+-------------------------------------+----------------------------+----------------------------+---------------------------+---------------------------+
; Pin              ; I/O Standard ; Board Delay on Rise ; Board Delay on Fall ; Steady State Voh at FPGA Pin ; Steady State Vol at FPGA Pin ; Voh Max at FPGA Pin ; Vol Min at FPGA Pin ; Ringback Voltage on Rise at FPGA Pin ; Ringback Voltage on Fall at FPGA Pin ; 10-90 Rise Time at FPGA Pin ; 90-10 Fall Time at FPGA Pin ; Monotonic Rise at FPGA Pin ; Monotonic Fall at FPGA Pin ; Steady State Voh at Far-end ; Steady State Vol at Far-end ; Voh Max at Far-end ; Vol Min at Far-end ; Ringback Voltage on Rise at Far-end ; Ringback Voltage on Fall at Far-end ; 10-90 Rise Time at Far-end ; 90-10 Fall Time at Far-end ; Monotonic Rise at Far-end ; Monotonic Fall at Far-end ;
+------------------+--------------+---------------------+---------------------+------------------------------+------------------------------+---------------------+---------------------+--------------------------------------+--------------------------------------+-----------------------------+-----------------------------+----------------------------+----------------------------+-----------------------------+-----------------------------+--------------------+--------------------+-------------------------------------+-------------------------------------+----------------------------+----------------------------+---------------------------+---------------------------+
; quotient[0]      ; 2.5 V        ; 0 s                 ; 0 s                 ; 2.62 V                       ; 4.05e-08 V                   ; 2.72 V              ; -0.0349 V           ; 0.173 V                              ; 0.1 V                                ; 2.72e-10 s                  ; 2.69e-10 s                  ; Yes                        ; Yes                        ; 2.62 V                      ; 4.05e-08 V                  ; 2.72 V             ; -0.0349 V          ; 0.173 V                             ; 0.1 V                               ; 2.72e-10 s                 ; 2.69e-10 s                 ; Yes                       ; Yes                       ;
; quotient[1]      ; 2.5 V        ; 0 s                 ; 0 s                 ; 2.62 V                       ; 2.74e-08 V                   ; 2.71 V              ; -0.0317 V           ; 0.148 V                              ; 0.064 V                              ; 4.51e-10 s                  ; 4.15e-10 s                  ; No                         ; Yes                        ; 2.62 V                      ; 2.74e-08 V                  ; 2.71 V             ; -0.0317 V          ; 0.148 V                             ; 0.064 V                             ; 4.51e-10 s                 ; 4.15e-10 s                 ; No                        ; Yes                       ;
; quotient[2]      ; 2.5 V        ; 0 s                 ; 0 s                 ; 2.62 V                       ; 2.74e-08 V                   ; 2.71 V              ; -0.0317 V           ; 0.148 V                              ; 0.064 V                              ; 4.51e-10 s                  ; 4.15e-10 s                  ; No                         ; Yes                        ; 2.62 V                      ; 2.74e-08 V                  ; 2.71 V             ; -0.0317 V          ; 0.148 V                             ; 0.064 V                             ; 4.51e-10 s                 ; 4.15e-10 s                 ; No                        ; Yes                       ;
; quotient[3]      ; 2.5 V        ; 0 s                 ; 0 s                 ; 2.62 V                       ; 4.05e-08 V                   ; 2.72 V              ; -0.0349 V           ; 0.173 V                              ; 0.1 V                                ; 2.72e-10 s                  ; 2.69e-10 s                  ; Yes                        ; Yes                        ; 2.62 V                      ; 4.05e-08 V                  ; 2.72 V             ; -0.0349 V          ; 0.173 V                             ; 0.1 V                               ; 2.72e-10 s                 ; 2.69e-10 s                 ; Yes                       ; Yes                       ;
; remi[0]          ; 2.5 V        ; 0 s                 ; 0 s                 ; 2.62 V                       ; 4.05e-08 V                   ; 2.72 V              ; -0.0349 V           ; 0.173 V                              ; 0.1 V                                ; 2.72e-10 s                  ; 2.69e-10 s                  ; Yes                        ; Yes                        ; 2.62 V                      ; 4.05e-08 V                  ; 2.72 V             ; -0.0349 V          ; 0.173 V                             ; 0.1 V                               ; 2.72e-10 s                 ; 2.69e-10 s                 ; Yes                       ; Yes                       ;
; remi[1]          ; 2.5 V        ; 0 s                 ; 0 s                 ; 2.62 V                       ; 4.05e-08 V                   ; 2.72 V              ; -0.0349 V           ; 0.173 V                              ; 0.1 V                                ; 2.72e-10 s                  ; 2.69e-10 s                  ; Yes                        ; Yes                        ; 2.62 V                      ; 4.05e-08 V                  ; 2.72 V             ; -0.0349 V          ; 0.173 V                             ; 0.1 V                               ; 2.72e-10 s                 ; 2.69e-10 s                 ; Yes                       ; Yes                       ;
; remi[2]          ; 2.5 V        ; 0 s                 ; 0 s                 ; 2.62 V                       ; 4.05e-08 V                   ; 2.72 V              ; -0.0349 V           ; 0.173 V                              ; 0.1 V                                ; 2.72e-10 s                  ; 2.69e-10 s                  ; Yes                        ; Yes                        ; 2.62 V                      ; 4.05e-08 V                  ; 2.72 V             ; -0.0349 V          ; 0.173 V                             ; 0.1 V                               ; 2.72e-10 s                 ; 2.69e-10 s                 ; Yes                       ; Yes                       ;
; remi[3]          ; 2.5 V        ; 0 s                 ; 0 s                 ; 2.62 V                       ; 4.05e-08 V                   ; 2.72 V              ; -0.0349 V           ; 0.173 V                              ; 0.1 V                                ; 2.72e-10 s                  ; 2.69e-10 s                  ; Yes                        ; Yes                        ; 2.62 V                      ; 4.05e-08 V                  ; 2.72 V             ; -0.0349 V          ; 0.173 V                             ; 0.1 V                               ; 2.72e-10 s                 ; 2.69e-10 s                 ; Yes                       ; Yes                       ;
; done             ; 2.5 V        ; 0 s                 ; 0 s                 ; 2.62 V                       ; 2.74e-08 V                   ; 2.71 V              ; -0.0317 V           ; 0.148 V                              ; 0.064 V                              ; 4.51e-10 s                  ; 4.15e-10 s                  ; No                         ; Yes                        ; 2.62 V                      ; 2.74e-08 V                  ; 2.71 V             ; -0.0317 V          ; 0.148 V                             ; 0.064 V                             ; 4.51e-10 s                 ; 4.15e-10 s                 ; No                        ; Yes                       ;
; debug_state[0]   ; 2.5 V        ; 0 s                 ; 0 s                 ; 2.62 V                       ; 4.05e-08 V                   ; 2.72 V              ; -0.0349 V           ; 0.173 V                              ; 0.1 V                                ; 2.72e-10 s                  ; 2.69e-10 s                  ; Yes                        ; Yes                        ; 2.62 V                      ; 4.05e-08 V                  ; 2.72 V             ; -0.0349 V          ; 0.173 V                             ; 0.1 V                               ; 2.72e-10 s                 ; 2.69e-10 s                 ; Yes                       ; Yes                       ;
; debug_state[1]   ; 2.5 V        ; 0 s                 ; 0 s                 ; 2.62 V                       ; 2.74e-08 V                   ; 2.71 V              ; -0.0317 V           ; 0.148 V                              ; 0.064 V                              ; 4.51e-10 s                  ; 4.15e-10 s                  ; No                         ; Yes                        ; 2.62 V                      ; 2.74e-08 V                  ; 2.71 V             ; -0.0317 V          ; 0.148 V                             ; 0.064 V                             ; 4.51e-10 s                 ; 4.15e-10 s                 ; No                        ; Yes                       ;
; debug_state[2]   ; 2.5 V        ; 0 s                 ; 0 s                 ; 2.62 V                       ; 2.74e-08 V                   ; 2.71 V              ; -0.0317 V           ; 0.148 V                              ; 0.064 V                              ; 4.51e-10 s                  ; 4.15e-10 s                  ; No                         ; Yes                        ; 2.62 V                      ; 2.74e-08 V                  ; 2.71 V             ; -0.0317 V          ; 0.148 V                             ; 0.064 V                             ; 4.51e-10 s                 ; 4.15e-10 s                 ; No                        ; Yes                       ;
; debug_counter[0] ; 2.5 V        ; 0 s                 ; 0 s                 ; 2.62 V                       ; 4.05e-08 V                   ; 2.72 V              ; -0.0349 V           ; 0.173 V                              ; 0.1 V                                ; 2.72e-10 s                  ; 2.69e-10 s                  ; Yes                        ; Yes                        ; 2.62 V                      ; 4.05e-08 V                  ; 2.72 V             ; -0.0349 V          ; 0.173 V                             ; 0.1 V                               ; 2.72e-10 s                 ; 2.69e-10 s                 ; Yes                       ; Yes                       ;
; debug_counter[1] ; 2.5 V        ; 0 s                 ; 0 s                 ; 2.62 V                       ; 4.05e-08 V                   ; 2.72 V              ; -0.0349 V           ; 0.173 V                              ; 0.1 V                                ; 2.72e-10 s                  ; 2.69e-10 s                  ; Yes                        ; Yes                        ; 2.62 V                      ; 4.05e-08 V                  ; 2.72 V             ; -0.0349 V          ; 0.173 V                             ; 0.1 V                               ; 2.72e-10 s                 ; 2.69e-10 s                 ; Yes                       ; Yes                       ;
; debug_counter[2] ; 2.5 V        ; 0 s                 ; 0 s                 ; 2.62 V                       ; 4.05e-08 V                   ; 2.72 V              ; -0.0349 V           ; 0.173 V                              ; 0.1 V                                ; 2.72e-10 s                  ; 2.69e-10 s                  ; Yes                        ; Yes                        ; 2.62 V                      ; 4.05e-08 V                  ; 2.72 V             ; -0.0349 V          ; 0.173 V                             ; 0.1 V                               ; 2.72e-10 s                 ; 2.69e-10 s                 ; Yes                       ; Yes                       ;
; ~ALTERA_DCLK~    ; 2.5 V        ; 0 s                 ; 0 s                 ; 2.62 V                       ; 2.22e-08 V                   ; 2.74 V              ; -0.06 V             ; 0.158 V                              ; 0.08 V                               ; 2.68e-10 s                  ; 2.19e-10 s                  ; Yes                        ; Yes                        ; 2.62 V                      ; 2.22e-08 V                  ; 2.74 V             ; -0.06 V            ; 0.158 V                             ; 0.08 V                              ; 2.68e-10 s                 ; 2.19e-10 s                 ; Yes                       ; Yes                       ;
; ~ALTERA_nCEO~    ; 2.5 V        ; 0 s                 ; 0 s                 ; 2.62 V                       ; 3.54e-08 V                   ; 2.7 V               ; -0.00943 V          ; 0.276 V                              ; 0.035 V                              ; 3.19e-10 s                  ; 4.99e-10 s                  ; No                         ; Yes                        ; 2.62 V                      ; 3.54e-08 V                  ; 2.7 V              ; -0.00943 V         ; 0.276 V                             ; 0.035 V                             ; 3.19e-10 s                 ; 4.99e-10 s                 ; No                        ; Yes                       ;
+------------------+--------------+---------------------+---------------------+------------------------------+------------------------------+---------------------+---------------------+--------------------------------------+--------------------------------------+-----------------------------+-----------------------------+----------------------------+----------------------------+-----------------------------+-----------------------------+--------------------+--------------------+-------------------------------------+-------------------------------------+----------------------------+----------------------------+---------------------------+---------------------------+


+-------------------------------------------------------------------+
; Setup Transfers                                                   ;
+------------+----------+----------+----------+----------+----------+
; From Clock ; To Clock ; RR Paths ; FR Paths ; RF Paths ; FF Paths ;
+------------+----------+----------+----------+----------+----------+
; clk        ; clk      ; 337      ; 0        ; 0        ; 0        ;
+------------+----------+----------+----------+----------+----------+
Entries labeled "false path" only account for clock-to-clock false paths and not path-based false paths. As a result, actual path counts may be lower than reported.


+-------------------------------------------------------------------+
; Hold Transfers                                                    ;
+------------+----------+----------+----------+----------+----------+
; From Clock ; To Clock ; RR Paths ; FR Paths ; RF Paths ; FF Paths ;
+------------+----------+----------+----------+----------+----------+
; clk        ; clk      ; 337      ; 0        ; 0        ; 0        ;
+------------+----------+----------+----------+----------+----------+
Entries labeled "false path" only account for clock-to-clock false paths and not path-based false paths. As a result, actual path counts may be lower than reported.


---------------
; Report TCCS ;
---------------
No dedicated SERDES Transmitter circuitry present in device or used in design


---------------
; Report RSKM ;
---------------
No non-DPA dedicated SERDES Receiver circuitry present in device or used in design


+------------------------------------------------+
; Unconstrained Paths Summary                    ;
+---------------------------------+-------+------+
; Property                        ; Setup ; Hold ;
+---------------------------------+-------+------+
; Illegal Clocks                  ; 0     ; 0    ;
; Unconstrained Clocks            ; 0     ; 0    ;
; Unconstrained Input Ports       ; 10    ; 10   ;
; Unconstrained Input Port Paths  ; 48    ; 48   ;
; Unconstrained Output Ports      ; 15    ; 15   ;
; Unconstrained Output Port Paths ; 19    ; 19   ;
+---------------------------------+-------+------+


+-------------------------------------+
; Clock Status Summary                ;
+--------+-------+------+-------------+
; Target ; Clock ; Type ; Status      ;
+--------+-------+------+-------------+
; clk    ; clk   ; Base ; Constrained ;
+--------+-------+------+-------------+


+----------------------------------------------------------------------------------------------------+
; Unconstrained Input Ports                                                                          ;
+-------------+--------------------------------------------------------------------------------------+
; Input Port  ; Comment                                                                              ;
+-------------+--------------------------------------------------------------------------------------+
; dividend[0] ; No input delay, min/max delays, false-path exceptions, or max skew assignments found ;
; dividend[1] ; No input delay, min/max delays, false-path exceptions, or max skew assignments found ;
; dividend[2] ; No input delay, min/max delays, false-path exceptions, or max skew assignments found ;
; dividend[3] ; No input delay, min/max delays, false-path exceptions, or max skew assignments found ;
; divisor[0]  ; No input delay, min/max delays, false-path exceptions, or max skew assignments found ;
; divisor[1]  ; No input delay, min/max delays, false-path exceptions, or max skew assignments found ;
; divisor[2]  ; No input delay, min/max delays, false-path exceptions, or max skew assignments found ;
; divisor[3]  ; No input delay, min/max delays, false-path exceptions, or max skew assignments found ;
; reset       ; No input delay, min/max delays, false-path exceptions, or max skew assignments found ;
; start       ; No input delay, min/max delays, false-path exceptions, or max skew assignments found ;
+-------------+--------------------------------------------------------------------------------------+


+----------------------------------------------------------------------------------------------------------+
; Unconstrained Output Ports                                                                               ;
+------------------+---------------------------------------------------------------------------------------+
; Output Port      ; Comment                                                                               ;
+------------------+---------------------------------------------------------------------------------------+
; debug_counter[0] ; No output delay, min/max delays, false-path exceptions, or max skew assignments found ;
; debug_counter[1] ; No output delay, min/max delays, false-path exceptions, or max skew assignments found ;
; debug_counter[2] ; No output delay, min/max delays, false-path exceptions, or max skew assignments found ;
; debug_state[0]   ; No output delay, min/max delays, false-path exceptions, or max skew assignments found ;
; debug_state[1]   ; No output delay, min/max delays, false-path exceptions, or max skew assignments found ;
; debug_state[2]   ; No output delay, min/max delays, false-path exceptions, or max skew assignments found ;
; done             ; No output delay, min/max delays, false-path exceptions, or max skew assignments found ;
; quotient[0]      ; No output delay, min/max delays, false-path exceptions, or max skew assignments found ;
; quotient[1]      ; No output delay, min/max delays, false-path exceptions, or max skew assignments found ;
; quotient[2]      ; No output delay, min/max delays, false-path exceptions, or max skew assignments found ;
; quotient[3]      ; No output delay, min/max delays, false-path exceptions, or max skew assignments found ;
; remi[0]          ; No output delay, min/max delays, false-path exceptions, or max skew assignments found ;
; remi[1]          ; No output delay, min/max delays, false-path exceptions, or max skew assignments found ;
; remi[2]          ; No output delay, min/max delays, false-path exceptions, or max skew assignments found ;
; remi[3]          ; No output delay, min/max delays, false-path exceptions, or max skew assignments found ;
+------------------+---------------------------------------------------------------------------------------+


+----------------------------------------------------------------------------------------------------+
; Unconstrained Input Ports                                                                          ;
+-------------+--------------------------------------------------------------------------------------+
; Input Port  ; Comment                                                                              ;
+-------------+--------------------------------------------------------------------------------------+
; dividend[0] ; No input delay, min/max delays, false-path exceptions, or max skew assignments found ;
; dividend[1] ; No input delay, min/max delays, false-path exceptions, or max skew assignments found ;
; dividend[2] ; No input delay, min/max delays, false-path exceptions, or max skew assignments found ;
; dividend[3] ; No input delay, min/max delays, false-path exceptions, or max skew assignments found ;
; divisor[0]  ; No input delay, min/max delays, false-path exceptions, or max skew assignments found ;
; divisor[1]  ; No input delay, min/max delays, false-path exceptions, or max skew assignments found ;
; divisor[2]  ; No input delay, min/max delays, false-path exceptions, or max skew assignments found ;
; divisor[3]  ; No input delay, min/max delays, false-path exceptions, or max skew assignments found ;
; reset       ; No input delay, min/max delays, false-path exceptions, or max skew assignments found ;
; start       ; No input delay, min/max delays, false-path exceptions, or max skew assignments found ;
+-------------+--------------------------------------------------------------------------------------+


+----------------------------------------------------------------------------------------------------------+
; Unconstrained Output Ports                                                                               ;
+------------------+---------------------------------------------------------------------------------------+
; Output Port      ; Comment                                                                               ;
+------------------+---------------------------------------------------------------------------------------+
; debug_counter[0] ; No output delay, min/max delays, false-path exceptions, or max skew assignments found ;
; debug_counter[1] ; No output delay, min/max delays, false-path exceptions, or max skew assignments found ;
; debug_counter[2] ; No output delay, min/max delays, false-path exceptions, or max skew assignments found ;
; debug_state[0]   ; No output delay, min/max delays, false-path exceptions, or max skew assignments found ;
; debug_state[1]   ; No output delay, min/max delays, false-path exceptions, or max skew assignments found ;
; debug_state[2]   ; No output delay, min/max delays, false-path exceptions, or max skew assignments found ;
; done             ; No output delay, min/max delays, false-path exceptions, or max skew assignments found ;
; quotient[0]      ; No output delay, min/max delays, false-path exceptions, or max skew assignments found ;
; quotient[1]      ; No output delay, min/max delays, false-path exceptions, or max skew assignments found ;
; quotient[2]      ; No output delay, min/max delays, false-path exceptions, or max skew assignments found ;
; quotient[3]      ; No output delay, min/max delays, false-path exceptions, or max skew assignments found ;
; remi[0]          ; No output delay, min/max delays, false-path exceptions, or max skew assignments found ;
; remi[1]          ; No output delay, min/max delays, false-path exceptions, or max skew assignments found ;
; remi[2]          ; No output delay, min/max delays, false-path exceptions, or max skew assignments found ;
; remi[3]          ; No output delay, min/max delays, false-path exceptions, or max skew assignments found ;
+------------------+---------------------------------------------------------------------------------------+


+--------------------------+
; Timing Analyzer Messages ;
+--------------------------+
Info: *******************************************************************
Info: Running Quartus Prime Timing Analyzer
    Info: Version 24.1std.0 Build 1077 03/04/2025 SC Lite Edition
    Info: Processing started: Fri Dec 19 11:54:38 2025
Info: Command: quartus_sta binary_divider -c binary_divider
Info: qsta_default_script.tcl version: #1
Warning (18236): Number of processors has not been specified which may cause overloading on shared machines.  Set the global assignment NUM_PARALLEL_PROCESSORS in your QSF to an appropriate value for best performance.
Info (20030): Parallel compilation is enabled and will use 8 of the 8 processors detected
Info (21077): Low junction temperature is 0 degrees C
Info (21077): High junction temperature is 85 degrees C
Critical Warning (332012): Synopsys Design Constraints File file not found: 'binary_divider.sdc'. A Synopsys Design Constraints File is required by the Timing Analyzer to get proper timing constraints. Without it, the Compiler will not properly optimize the design.
Info (332142): No user constrained base clocks found in the design. Calling "derive_clocks -period 1.0"
Info (332105): Deriving Clocks
    Info (332105): create_clock -period 1.000 -name clk clk
Info (332143): No user constrained clock uncertainty found in the design. Calling "derive_clock_uncertainty"
Info (332123): Deriving Clock Uncertainty. Please refer to report_sdc in the Timing Analyzer to see clock uncertainties.
Info: Found TIMING_ANALYZER_REPORT_SCRIPT_INCLUDE_DEFAULT_ANALYSIS = ON
Info: Analyzing Slow 1200mV 85C Model
Critical Warning (332148): Timing requirements not met
    Info (11105): For recommendations on closing timing, run Report Timing Closure Recommendations in the Timing Analyzer.
Info (332146): Worst-case setup slack is -2.733
    Info (332119):     Slack       End Point TNS Clock 
    Info (332119): ========= =================== =====================
    Info (332119):    -2.733             -50.033 clk 
Info (332146): Worst-case hold slack is 0.402
    Info (332119):     Slack       End Point TNS Clock 
    Info (332119): ========= =================== =====================
    Info (332119):     0.402               0.000 clk 
Info (332140): No Recovery paths to report
Info (332140): No Removal paths to report
Info (332146): Worst-case minimum pulse width slack is -3.000
    Info (332119):     Slack       End Point TNS Clock 
    Info (332119): ========= =================== =====================
    Info (332119):    -3.000             -51.830 clk 
Info: Analyzing Slow 1200mV 0C Model
Info (334003): Started post-fitting delay annotation
Info (334004): Delay annotation completed successfully
Info (332123): Deriving Clock Uncertainty. Please refer to report_sdc in the Timing Analyzer to see clock uncertainties.
Critical Warning (332148): Timing requirements not met
    Info (11105): For recommendations on closing timing, run Report Timing Closure Recommendations in the Timing Analyzer.
Info (332146): Worst-case setup slack is -2.395
    Info (332119):     Slack       End Point TNS Clock 
    Info (332119): ========= =================== =====================
    Info (332119):    -2.395             -42.179 clk 
Info (332146): Worst-case hold slack is 0.353
    Info (332119):     Slack       End Point TNS Clock 
    Info (332119): ========= =================== =====================
    Info (332119):     0.353               0.000 clk 
Info (332140): No Recovery paths to report
Info (332140): No Removal paths to report
Info (332146): Worst-case minimum pulse width slack is -3.000
    Info (332119):     Slack       End Point TNS Clock 
    Info (332119): ========= =================== =====================
    Info (332119):    -3.000             -51.830 clk 
Info: Analyzing Fast 1200mV 0C Model
Info (332123): Deriving Clock Uncertainty. Please refer to report_sdc in the Timing Analyzer to see clock uncertainties.
Critical Warning (332148): Timing requirements not met
    Info (11105): For recommendations on closing timing, run Report Timing Closure Recommendations in the Timing Analyzer.
Info (332146): Worst-case setup slack is -0.780
    Info (332119):     Slack       End Point TNS Clock 
    Info (332119): ========= =================== =====================
    Info (332119):    -0.780              -8.598 clk 
Info (332146): Worst-case hold slack is 0.181
    Info (332119):     Slack       End Point TNS Clock 
    Info (332119): ========= =================== =====================
    Info (332119):     0.181               0.000 clk 
Info (332140): No Recovery paths to report
Info (332140): No Removal paths to report
Info (332146): Worst-case minimum pulse width slack is -3.000
    Info (332119):     Slack       End Point TNS Clock 
    Info (332119): ========= =================== =====================
    Info (332119):    -3.000             -43.499 clk 
Info (332102): Design is not fully constrained for setup requirements
Info (332102): Design is not fully constrained for hold requirements
Info: Quartus Prime Timing Analyzer was successful. 0 errors, 5 warnings
    Info: Peak virtual memory: 4929 megabytes
    Info: Processing ended: Fri Dec 19 11:54:39 2025
    Info: Elapsed time: 00:00:01
    Info: Total CPU time (on all processors): 00:00:02


